2,0,0.50908,-0.13461,0.27278,0.13945,0.055666,-0.18659,-0.1635,-0.093305,-0.16463,-0.22066,-0.2193,-0.13866,-0.24266,0.50908,0,-0.31887,0.7431,0.19363,0.033004,-0.23373,-0.34444,-0.29591,-0.32218,-0.35578,-0.21454,-0.10263,-0.30766,-0.13461,-0.31887,0,-0.20321,0.35009,0.59989,0.58008,0.79909,0.76335,0.83947,0.616,0.33744,-0.048125,0.55907,0.27278,0.7431,-0.20321,0,0.25812,0.048478,-0.14824,-0.25183,-0.17915,-0.21807,-0.24977,-0.089044,-0.17095,-0.27566,0.13945,0.19363,0.35009,0.25812,0,0.35968,0.33891,0.39568,0.31674,0.39535,0.22625,0.14274,-0.11524,0.14181,0.055666,0.033004,0.59989,0.048478,0.35968,0,0.75218,0.78186,0.54833,0.69465,0.49908,0.19233,0.092423,0.34691,-0.18659,-0.23373,0.58008,-0.14824,0.33891,0.75218,0,0.84472,0.38169,0.62236,0.49993,0.21383,0.096434,0.37003,-0.1635,-0.34444,0.79909,-0.25183,0.39568,0.78186,0.84472,0,0.73629,0.88886,0.65107,0.33066,0.11273,0.52586,-0.093305,-0.29591,0.76335,-0.17915,0.31674,0.54833,0.38169,0.73629,0,0.8858,0.61612,0.37073,-0.026529,0.48282,-0.16463,-0.32218,0.83947,-0.21807,0.39535,0.69465,0.62236,0.88886,0.8858,0,0.69185,0.39266,0.034551,0.60008,-0.22066,-0.35578,0.616,-0.24977,0.22625,0.49908,0.49993,0.65107,0.61612,0.69185,0,0.55916,0.14002,0.57201,-0.2193,-0.21454,0.33744,-0.089044,0.14274,0.19233,0.21383,0.33066,0.37073,0.39266,0.55916,0,-0.0079104,0.3082,-0.13866,-0.10263,-0.048125,-0.17095,-0.11524,0.092423,0.096434,0.11273,-0.026529,0.034551,0.14002,-0.0079104,0,0.36457,-0.24266,-0.30766,0.55907,-0.27566,0.14181,0.34691,0.37003,0.52586,0.48282,0.60008,0.57201,0.3082,0.36457,0
0,0,0.41937,0.26866,0.29822,-0.14291,0.31891,0.23742,0.45789,0.30161,0.2315,0.1373,0.30837,0.17277,0.53627,0.41937,0,0.2191,0.50023,-0.053615,0.35119,0.17411,0.19827,0.15777,0.12107,0.14785,0.16061,0.3024,0.29901,0.26866,0.2191,0,0.7238,0.033427,0.7349,0.74494,0.58405,0.74639,0.76285,0.48853,0.53072,0.43289,0.48202,0.29822,0.50023,0.7238,0,0.064523,0.77224,0.67208,0.56834,0.69393,0.7043,0.5124,0.4261,0.43693,0.45589,-0.14291,-0.053615,0.033427,0.064523,0,0.07373,0.060323,0.12353,0.13224,0.10997,0.16052,0.04217,0.17556,0.084259,0.31891,0.35119,0.7349,0.77224,0.07373,0,0.91466,0.81839,0.87545,0.81843,0.57732,0.56885,0.62617,0.55234,0.23742,0.17411,0.74494,0.67208,0.060323,0.91466,0,0.7909,0.87701,0.83702,0.52456,0.59662,0.5812,0.53102,0.45789,0.19827,0.58405,0.56834,0.12353,0.81839,0.7909,0,0.79107,0.6835,0.51754,0.559,0.67063,0.60921,0.30161,0.15777,0.74639,0.69393,0.13224,0.87545,0.87701,0.79107,0,0.90364,0.62433,0.6453,0.60245,0.58256,0.2315,0.12107,0.76285,0.7043,0.10997,0.81843,0.83702,0.6835,0.90364,0,0.58298,0.5837,0.55697,0.54823,0.1373,0.14785,0.48853,0.5124,0.16052,0.57732,0.52456,0.51754,0.62433,0.58298,0,0.39225,0.56765,0.36803,0.30837,0.16061,0.53072,0.4261,0.04217,0.56885,0.59662,0.559,0.6453,0.5837,0.39225,0,0.41248,0.53876,0.17277,0.3024,0.43289,0.43693,0.17556,0.62617,0.5812,0.67063,0.60245,0.55697,0.56765,0.41248,0,0.51498,0.53627,0.29901,0.48202,0.45589,0.084259,0.55234,0.53102,0.60921,0.58256,0.54823,0.36803,0.53876,0.51498,0
0,0,0.64099,0.80001,0.58402,0.47333,-0.06647,0.43609,0.47705,0.54024,0.57994,0.55116,0.52885,0.57403,0.60472,0.64099,0,0.68322,0.84983,0.81357,-0.072889,0.71657,0.72938,0.73102,0.67017,0.49746,0.35311,0.53704,0.18758,0.80001,0.68322,0,0.6639,0.60497,0.043256,0.62548,0.63797,0.68136,0.66757,0.64792,0.65833,0.62962,0.61122,0.58402,0.84983,0.6639,0,0.88561,-0.11494,0.77416,0.85382,0.85529,0.74483,0.65296,0.38453,0.57504,0.15606,0.47333,0.81357,0.60497,0.88561,0,-0.040632,0.89558,0.93244,0.93013,0.80837,0.50962,0.39935,0.66863,0.10062,-0.06647,-0.072889,0.043256,-0.11494,-0.040632,0,-0.013941,0.042632,-0.0028227,-0.033088,-0.16752,0.41774,-0.07226,0.051395,0.43609,0.71657,0.62548,0.77416,0.89558,-0.013941,0,0.89065,0.8954,0.79693,0.52614,0.40768,0.66398,0.12953,0.47705,0.72938,0.63797,0.85382,0.93244,0.042632,0.89065,0,0.965,0.83959,0.59907,0.53163,0.68695,0.17702,0.54024,0.73102,0.68136,0.85529,0.93013,-0.0028227,0.8954,0.965,0,0.92935,0.66271,0.54022,0.75072,0.23322,0.57994,0.67017,0.66757,0.74483,0.80837,-0.033088,0.79693,0.83959,0.92935,0,0.64031,0.53196,0.77846,0.26826,0.55116,0.49746,0.64792,0.65296,0.50962,-0.16752,0.52614,0.59907,0.66271,0.64031,0,0.42964,0.41893,0.3552,0.52885,0.35311,0.65833,0.38453,0.39935,0.41774,0.40768,0.53163,0.54022,0.53196,0.42964,0,0.49152,0.62835,0.57403,0.53704,0.62962,0.57504,0.66863,-0.07226,0.66398,0.68695,0.75072,0.77846,0.41893,0.49152,0,0.43568,0.60472,0.18758,0.61122,0.15606,0.10062,0.051395,0.12953,0.17702,0.23322,0.26826,0.3552,0.62835,0.43568,0
0,0,0.02051,-0.024369,0.053442,-0.066537,0.059694,0.029355,0.063829,0.041952,0.043905,0.18391,0.11762,-0.073158,0.098575,0.02051,0,0.24649,0.070618,0.051593,0.28764,0.18754,0.30149,0.16289,0.36367,0.070003,0.26799,0.28382,0.21866,-0.024369,0.24649,0,0.10997,-0.03824,0.41765,0.30765,0.38958,0.18898,0.2175,0.025158,0.31215,0.17986,0.26221,0.053442,0.070618,0.10997,0,0.69516,-0.080648,0.13143,0.13495,0.097265,0.24775,-0.025191,-0.10446,0.028309,0.060775,-0.066537,0.051593,-0.03824,0.69516,0,-0.39984,-0.025867,0.075109,0.0063585,0.30499,-0.060368,-0.086302,0.041329,-0.010857,0.059694,0.28764,0.41765,-0.080648,-0.39984,0,0.40106,0.47001,0.3318,0.075886,0.16391,0.36926,0.21679,0.23564,0.029355,0.18754,0.30765,0.13143,-0.025867,0.40106,0,0.39368,0.2565,0.19107,0.048609,0.27194,0.18427,0.17823,0.063829,0.30149,0.38958,0.13495,0.075109,0.47001,0.39368,0,0.49914,0.33517,0.10382,0.35423,0.30446,0.35209,0.041952,0.16289,0.18898,0.097265,0.0063585,0.3318,0.2565,0.49914,0,0.26957,0.16871,0.17913,0.2811,0.22206,0.043905,0.36367,0.2175,0.24775,0.30499,0.075886,0.19107,0.33517,0.26957,0,0.14875,0.22337,0.49651,0.23429,0.18391,0.070003,0.025158,-0.025191,-0.060368,0.16391,0.048609,0.10382,0.16871,0.14875,0,0.17662,0.061068,0.042528,0.11762,0.26799,0.31215,-0.10446,-0.086302,0.36926,0.27194,0.35423,0.17913,0.22337,0.17662,0,0.25052,0.26069,-0.073158,0.28382,0.17986,0.028309,0.041329,0.21679,0.18427,0.30446,0.2811,0.49651,0.061068,0.25052,0,0.364,0.098575,0.21866,0.26221,0.060775,-0.010857,0.23564,0.17823,0.35209,0.22206,0.23429,0.042528,0.26069,0.364,0
1,0,0.3105,0.37617,0.19914,0.088604,0.17434,-0.067537,-0.12784,-0.21281,0.14521,0.16085,0.35934,0.10093,0.33924,0.3105,0,0.3344,0.35347,0.2728,0.039558,-0.11138,-0.21204,-0.23191,-0.2987,0.13061,0.10897,0.11394,0.15916,0.37617,0.3344,0,0.15742,0.10358,0.24181,0.09414,0.29174,0.15448,0.22844,0.23612,0.60004,0.33004,0.47629,0.19914,0.35347,0.15742,0,0.16712,0.04509,-0.0014123,-0.063215,-0.11111,-0.054741,0.0084129,0.11112,-0.024434,0.12862,0.088604,0.2728,0.10358,0.16712,0,0.47983,0.24059,0.22038,0.12551,0.22007,0.017783,0.16092,-0.045392,0.12602,0.17434,0.039558,0.24181,0.04509,0.47983,0,0.2967,0.39644,0.24605,0.36022,0.075926,0.24167,0.055016,-0.0050436,-0.067537,-0.11138,0.09414,-0.0014123,0.24059,0.2967,0,0.37654,0.28006,0.30758,0.058268,0.16066,0.10341,0.031908,-0.12784,-0.21204,0.29174,-0.063215,0.22038,0.39644,0.37654,0,0.49099,0.64008,0.33262,0.47175,0.44668,0.22265,-0.21281,-0.23191,0.15448,-0.11111,0.12551,0.24605,0.28006,0.49099,0,0.40376,0.24483,0.26858,0.35948,0.1639,0.14521,-0.2987,0.22844,-0.054741,0.22007,0.36022,0.30758,0.64008,0.40376,0,0.30435,0.57097,0.44268,0.36495,0.16085,0.13061,0.23612,0.0084129,0.017783,0.075926,0.058268,0.33262,0.24483,0.30435,0,0.49389,0.75975,0.41472,0.35934,0.10897,0.60004,0.11112,0.16092,0.24167,0.16066,0.47175,0.26858,0.57097,0.49389,0,0.62695,0.75972,0.10093,0.11394,0.33004,-0.024434,-0.045392,0.055016,0.10341,0.44668,0.35948,0.44268,0.75975,0.62695,0,0.53451,0.33924,0.15916,0.47629,0.12862,0.12602,-0.0050436,0.031908,0.22265,0.1639,0.36495,0.41472,0.75972,0.53451,0
0,0,0.204,0.026168,0.30142,0.14569,-0.055914,-0.0050524,-0.056768,0.0065512,0.13497,0.092857,-0.0034457,0.042514,-0.092502,0.204,0,0.24839,0.85513,0.55411,0.23658,0.060594,0.050089,0.27049,0.067395,0.23204,0.096597,0.14731,-0.049252,0.026168,0.24839,0,0.19795,0.40736,0.51925,0.40066,0.31316,0.23952,0.26527,0.36628,0.5074,0.25198,0.61165,0.30142,0.85513,0.19795,0,0.56717,0.22619,0.089899,0.074656,0.3476,0.12006,0.33674,0.13991,0.24276,-0.053659,0.14569,0.55411,0.40736,0.56717,0,0.46695,0.32415,0.20822,0.41002,0.2866,0.30881,0.29494,0.28947,0.24354,-0.055914,0.23658,0.51925,0.22619,0.46695,0,0.53912,0.4016,0.21828,0.0075002,0.25693,0.26534,0.18747,0.26601,-0.0050524,0.060594,0.40066,0.089899,0.32415,0.53912,0,0.34159,0.1595,0.15362,0.22576,0.2409,0.18058,0.2895,-0.056768,0.050089,0.31316,0.074656,0.20822,0.4016,0.34159,0,0.23426,0.046059,0.27826,0.258,0.2908,0.17741,0.0065512,0.27049,0.23952,0.3476,0.41002,0.21828,0.1595,0.23426,0,0.31838,0.75997,0.40385,0.79966,0.28787,0.13497,0.067395,0.26527,0.12006,0.2866,0.0075002,0.15362,0.046059,0.31838,0,0.30621,0.24068,0.30574,0.13202,0.092857,0.23204,0.36628,0.33674,0.30881,0.25693,0.22576,0.27826,0.75997,0.30621,0,0.53029,0.86023,0.4111,-0.0034457,0.096597,0.5074,0.13991,0.29494,0.26534,0.2409,0.258,0.40385,0.24068,0.53029,0,0.51083,0.69804,0.042514,0.14731,0.25198,0.24276,0.28947,0.18747,0.18058,0.2908,0.79966,0.30574,0.86023,0.51083,0,0.41639,-0.092502,-0.049252,0.61165,-0.053659,0.24354,0.26601,0.2895,0.17741,0.28787,0.13202,0.4111,0.69804,0.41639,0
1,0,0.098395,0.0018983,0.32196,0.17811,0.00097683,0.087839,-0.022693,0.10011,0.10285,0.13824,0.065924,0.18275,0.20863,0.098395,0,-0.03811,0.1899,0.061735,-0.19852,0.023837,-0.14454,-0.11447,-0.16972,-0.11922,-0.060341,-0.10301,0.02848,0.0018983,-0.03811,0,-0.045051,-0.033668,0.050705,0.051487,0.072558,0.04768,0.0332,0.024269,0.35213,0.03961,0.042836,0.32196,0.1899,-0.045051,0,0.1231,-0.026623,-0.065108,-0.36307,-0.21435,-0.19587,-0.30013,-0.13829,-0.30617,-0.056654,0.17811,0.061735,-0.033668,0.1231,0,-0.10791,0.050821,-0.15061,0.13581,0.12246,0.0894,-0.0007547,-0.030088,-0.00076159,0.00097683,-0.19852,0.050705,-0.026623,-0.10791,0,0.19225,0.33147,0.31179,0.28675,0.23902,0.10993,0.13165,-0.027459,0.087839,0.023837,0.051487,-0.065108,0.050821,0.19225,0,0.072049,0.16156,0.11954,0.092741,0.070239,0.098113,0.18554,-0.022693,-0.14454,0.072558,-0.36307,-0.15061,0.33147,0.072049,0,0.63638,0.4627,0.50931,0.14909,0.60559,0.16505,0.10011,-0.11447,0.04768,-0.21435,0.13581,0.31179,0.16156,0.63638,0,0.60337,0.58195,0.14283,0.61503,0.094033,0.10285,-0.16972,0.0332,-0.19587,0.12246,0.28675,0.11954,0.4627,0.60337,0,0.58454,0.087274,0.6293,0.089733,0.13824,-0.11922,0.024269,-0.30013,0.0894,0.23902,0.092741,0.50931,0.58195,0.58454,0,0.16198,0.74153,0.20506,0.065924,-0.060341,0.35213,-0.13829,-0.0007547,0.10993,0.070239,0.14909,0.14283,0.087274,0.16198,0,0.15469,0.077824,0.18275,-0.10301,0.03961,-0.30617,-0.030088,0.13165,0.098113,0.60559,0.61503,0.6293,0.74153,0.15469,0,0.25793,0.20863,0.02848,0.042836,-0.056654,-0.00076159,-0.027459,0.18554,0.16505,0.094033,0.089733,0.20506,0.077824,0.25793,0
1,0,0.65906,0.4338,0.033475,0.33463,0.46691,0.2675,0.46592,0.42709,0.141,0.34819,0.19726,0.17214,0.70033,0.65906,0,0.39942,0.30451,0.33878,0.44743,0.24488,0.28054,0.23446,0.25104,0.22412,0.097465,0.24957,0.40301,0.4338,0.39942,0,-0.0032022,0.1709,0.44464,0.024383,0.44828,0.40116,0.02979,0.16549,0.21964,0.10477,0.47423,0.033475,0.30451,-0.0032022,0,-0.17836,0.041298,0.46107,-0.012195,-0.028908,0.60324,0.32578,-0.086034,0.74926,-0.10624,0.33463,0.33878,0.1709,-0.17836,0,0.43737,0.35528,0.3238,0.26705,0.35721,0.12023,0.11531,-0.0055873,0.30554,0.46691,0.44743,0.44464,0.041298,0.43737,0,0.36045,0.71955,0.67669,0.18584,0.31913,0.15672,0.21562,0.56604,0.2675,0.24488,0.024383,0.46107,0.35528,0.36045,0,0.31866,0.24598,0.55121,0.24957,0.13119,0.46842,0.18763,0.46592,0.28054,0.44828,-0.012195,0.3238,0.71955,0.31866,0,0.85879,0.25073,0.42733,0.16721,0.2336,0.58322,0.42709,0.23446,0.40116,-0.028908,0.26705,0.67669,0.24598,0.85879,0,0.22868,0.46218,0.21553,0.21556,0.57426,0.141,0.25104,0.02979,0.60324,0.35721,0.18584,0.55121,0.25073,0.22868,0,0.44861,0.026526,0.63498,0.095312,0.34819,0.22412,0.16549,0.32578,0.12023,0.31913,0.24957,0.42733,0.46218,0.44861,0,0.12964,0.4285,0.41814,0.19726,0.097465,0.21964,-0.086034,0.11531,0.15672,0.13119,0.16721,0.21553,0.026526,0.12964,0,0.061145,0.27911,0.17214,0.24957,0.10477,0.74926,-0.0055873,0.21562,0.46842,0.2336,0.21556,0.63498,0.4285,0.061145,0,0.18025,0.70033,0.40301,0.47423,-0.10624,0.30554,0.56604,0.18763,0.58322,0.57426,0.095312,0.41814,0.27911,0.18025,0
1,0,-0.22503,0.25071,0.29122,0.13799,0.17312,0.17807,0.16205,0.15318,0.17376,0.22972,0.071123,-0.042962,0.21496,-0.22503,0,-0.060096,-0.015201,0.068397,-0.052344,-0.073915,-0.14509,-0.052089,-0.033726,-0.038846,0.042082,-0.033784,-0.078323,0.25071,-0.060096,0,0.68338,0.78514,0.76654,0.8278,0.7713,0.72617,0.77187,0.6937,0.10453,0.30819,0.73462,0.29122,-0.015201,0.68338,0,0.66124,0.59064,0.58908,0.46292,0.51174,0.49446,0.39199,-0.015497,0.12789,0.4062,0.13799,0.068397,0.78514,0.66124,0,0.75975,0.80224,0.66203,0.72491,0.75408,0.58155,-0.036104,0.25741,0.48115,0.17312,-0.052344,0.76654,0.59064,0.75975,0,0.88902,0.76434,0.79739,0.75536,0.70792,0.072455,0.29809,0.41306,0.17807,-0.073915,0.8278,0.58908,0.80224,0.88902,0,0.87375,0.83581,0.81734,0.72033,0.14155,0.30458,0.52037,0.16205,-0.14509,0.7713,0.46292,0.66203,0.76434,0.87375,0,0.75247,0.77571,0.62925,0.052923,0.26622,0.5286,0.15318,-0.052089,0.72617,0.51174,0.72491,0.79739,0.83581,0.75247,0,0.79901,0.75387,0.10259,0.23051,0.47618,0.17376,-0.033726,0.77187,0.49446,0.75408,0.75536,0.81734,0.77571,0.79901,0,0.80056,0.12348,0.2157,0.655,0.22972,-0.038846,0.6937,0.39199,0.58155,0.70792,0.72033,0.62925,0.75387,0.80056,0,0.32889,0.40202,0.62581,0.071123,0.042082,0.10453,-0.015497,-0.036104,0.072455,0.14155,0.052923,0.10259,0.12348,0.32889,0,0.12914,0.15658,-0.042962,-0.033784,0.30819,0.12789,0.25741,0.29809,0.30458,0.26622,0.23051,0.2157,0.40202,0.12914,0,0.33022,0.21496,-0.078323,0.73462,0.4062,0.48115,0.41306,0.52037,0.5286,0.47618,0.655,0.62581,0.15658,0.33022,0
0,0,0.13479,0.31906,0.19565,0.059589,0.1108,-0.070946,-0.055403,0.0030168,0.1126,0.066797,-0.14082,0.18661,0.014327,0.13479,0,0.30165,0.61086,0.21921,0.21997,-0.1935,-0.13668,-0.035744,0.14317,0.29415,0.024575,0.64903,-0.063483,0.31906,0.30165,0,0.50212,0.039193,0.20623,0.012387,0.18359,0.28239,0.067127,0.41718,0.20031,0.38815,-0.14047,0.19565,0.61086,0.50212,0,0.15102,0.34936,-0.095311,0.040414,0.17392,0.16951,0.51827,0.050235,0.67885,-0.13655,0.059589,0.21921,0.039193,0.15102,0,0.18017,0.15286,0.21936,0.21397,0.32005,0.12837,0.038537,0.0015241,-0.065625,0.1108,0.21997,0.20623,0.34936,0.18017,0,0.6987,0.63625,0.62379,0.14095,0.55492,0.28918,0.2284,-0.00089296,-0.070946,-0.1935,0.012387,-0.095311,0.15286,0.6987,0,0.79856,0.69918,0.083786,0.35333,0.30603,-0.24158,0.066639,-0.055403,-0.13668,0.18359,0.040414,0.21936,0.63625,0.79856,0,0.84862,0.27749,0.44794,0.38974,-0.21249,0.015529,0.0030168,-0.035744,0.28239,0.17392,0.21397,0.62379,0.69918,0.84862,0,0.31301,0.50434,0.40153,-0.054982,-0.01476,0.1126,0.14317,0.067127,0.16951,0.32005,0.14095,0.083786,0.27749,0.31301,0,0.15095,0.1834,0.096624,-0.019257,0.066797,0.29415,0.41718,0.51827,0.12837,0.55492,0.35333,0.44794,0.50434,0.15095,0,0.23301,0.48238,-0.11037,-0.14082,0.024575,0.20031,0.050235,0.038537,0.28918,0.30603,0.38974,0.40153,0.1834,0.23301,0,0.042397,-0.25659,0.18661,0.64903,0.38815,0.67885,0.0015241,0.2284,-0.24158,-0.21249,-0.054982,0.096624,0.48238,0.042397,0,-0.065385,0.014327,-0.063483,-0.14047,-0.13655,-0.065625,-0.00089296,0.066639,0.015529,-0.01476,-0.019257,-0.11037,-0.25659,-0.065385,0
1,0,0.58976,0.10753,0.57641,0.46277,0.44963,0.35123,-0.020929,0.17329,0.24585,0.41581,0.14591,0.37678,0.5784,0.58976,0,0.46444,0.94352,0.84865,0.8625,0.71986,0.10655,0.23201,0.55723,0.63676,0.25469,0.63951,0.15914,0.10753,0.46444,0,0.45074,0.37664,0.4632,0.7227,0.77464,0.13069,0.58151,0.55621,0.74687,0.37114,-0.19946,0.57641,0.94352,0.45074,0,0.91759,0.92411,0.75604,0.11846,0.27945,0.5677,0.75867,0.30747,0.74822,0.20211,0.46277,0.84865,0.37664,0.91759,0,0.93362,0.7547,0.13497,0.27123,0.52706,0.80222,0.33361,0.81121,0.20101,0.44963,0.8625,0.4632,0.92411,0.93362,0,0.81144,0.20126,0.34665,0.60889,0.80633,0.33238,0.82383,0.14328,0.35123,0.71986,0.7227,0.75604,0.7547,0.81144,0,0.60309,0.30075,0.63621,0.83487,0.69702,0.74155,0.099872,-0.020929,0.10655,0.77464,0.11846,0.13497,0.20126,0.60309,0,0.19289,0.40037,0.4303,0.79404,0.20011,-0.19471,0.17329,0.23201,0.13069,0.27945,0.27123,0.34665,0.30075,0.19289,0,0.22418,0.31216,0.017403,0.30924,-0.0027583,0.24585,0.55723,0.58151,0.5677,0.52706,0.60889,0.63621,0.40037,0.22418,0,0.59002,0.43521,0.53218,-0.1288,0.41581,0.63676,0.55621,0.75867,0.80222,0.80633,0.83487,0.4303,0.31216,0.59002,0,0.62599,0.8714,0.21905,0.14591,0.25469,0.74687,0.30747,0.33361,0.33238,0.69702,0.79404,0.017403,0.43521,0.62599,0,0.39428,0.0078805,0.37678,0.63951,0.37114,0.74822,0.81121,0.82383,0.74155,0.20011,0.30924,0.53218,0.8714,0.39428,0,0.27205,0.5784,0.15914,-0.19946,0.20211,0.20101,0.14328,0.099872,-0.19471,-0.0027583,-0.1288,0.21905,0.0078805,0.27205,0
1,0,0.069762,0.3707,-0.10642,-0.44516,0.36069,0.23646,-0.093091,-0.14302,0.10311,-0.0035139,-0.21641,0.30097,0.46015,0.069762,0,0.21577,0.19605,0.22829,0.010003,-0.075378,0.099559,0.12656,0.14118,0.051299,0.1708,0.31427,0.23987,0.3707,0.21577,0,0.24043,-0.13598,0.28212,0.18662,0.083572,0.051321,0.22904,0.31192,0.33886,0.21373,0.37721,-0.10642,0.19605,0.24043,0,0.7122,-0.54087,-0.17096,0.071445,0.056902,-0.34355,-0.13757,0.61216,-0.37198,0.29746,-0.44516,0.22829,-0.13598,0.7122,0,-0.54425,-0.40448,0.2866,0.34269,-0.11063,-0.001707,0.5951,-0.27106,0.18091,0.36069,0.010003,0.28212,-0.54087,-0.54425,0,0.19465,0.28183,0.26831,0.58695,0.47623,-0.23625,0.6062,0.024213,0.23646,-0.075378,0.18662,-0.17096,-0.40448,0.19465,0,0.13546,-0.034682,0.16071,0.12365,-0.056296,0.18589,0.02513,-0.093091,0.099559,0.083572,0.071445,0.2866,0.28183,0.13546,0,0.91016,0.69041,0.69294,0.50119,0.51681,0.22887,-0.14302,0.12656,0.051321,0.056902,0.34269,0.26831,-0.034682,0.91016,0,0.63869,0.63813,0.43651,0.47066,0.21888,0.10311,0.14118,0.22904,-0.34355,-0.11063,0.58695,0.16071,0.69041,0.63869,0,0.86113,0.232,0.7508,0.10366,-0.0035139,0.051299,0.31192,-0.13757,-0.001707,0.47623,0.12365,0.69294,0.63813,0.86113,0,0.43416,0.65515,0.17977,-0.21641,0.1708,0.33886,0.61216,0.5951,-0.23625,-0.056296,0.50119,0.43651,0.232,0.43416,0,0.077253,0.3884,0.30097,0.31427,0.21373,-0.37198,-0.27106,0.6062,0.18589,0.51681,0.47066,0.7508,0.65515,0.077253,0,0.35653,0.46015,0.23987,0.37721,0.29746,0.18091,0.024213,0.02513,0.22887,0.21888,0.10366,0.17977,0.3884,0.35653,0
1,0,0.23286,0.039326,-0.0083776,-0.077773,-0.016593,0.0092845,0.014825,0.22028,-0.006297,0.013149,0.097112,0.22534,0.12748,0.23286,0,0.25736,0.038044,0.060352,0.10118,0.054335,0.025321,0.29421,0.054187,0.12403,0.047649,0.66855,0.2382,0.039326,0.25736,0,0.33678,0.70053,0.8457,0.82964,0.67269,0.26316,0.8371,0.62528,0.67128,0.47807,0.88247,-0.0083776,0.038044,0.33678,0,0.32414,0.28941,0.30199,0.36907,-0.039384,0.26642,0.32605,0.26406,0.23263,0.30583,-0.077773,0.060352,0.70053,0.32414,0,0.68744,0.64565,0.56091,-0.055973,0.62191,0.49036,0.46252,0.22481,0.55862,-0.016593,0.10118,0.8457,0.28941,0.68744,0,0.87773,0.67524,0.28108,0.83991,0.58052,0.60674,0.33009,0.71909,0.0092845,0.054335,0.82964,0.30199,0.64565,0.87773,0,0.72662,0.26879,0.83223,0.56191,0.60389,0.30833,0.72244,0.014825,0.025321,0.67269,0.36907,0.56091,0.67524,0.72662,0,-0.15079,0.74391,0.58008,0.60325,0.26843,0.61884,0.22028,0.29421,0.26316,-0.039384,-0.055973,0.28108,0.26879,-0.15079,0,0.19212,0.069865,0.19889,0.42159,0.31183,-0.006297,0.054187,0.8371,0.26642,0.62191,0.83991,0.83223,0.74391,0.19212,0,0.68045,0.66337,0.40389,0.79693,0.013149,0.12403,0.62528,0.32605,0.49036,0.58052,0.56191,0.58008,0.069865,0.68045,0,0.51433,0.49557,0.66382,0.097112,0.047649,0.67128,0.26406,0.46252,0.60674,0.60389,0.60325,0.19889,0.66337,0.51433,0,0.31429,0.71217,0.22534,0.66855,0.47807,0.23263,0.22481,0.33009,0.30833,0.26843,0.42159,0.40389,0.49557,0.31429,0,0.53118,0.12748,0.2382,0.88247,0.30583,0.55862,0.71909,0.72244,0.61884,0.31183,0.79693,0.66382,0.71217,0.53118,0
1,0,0.78302,0.83604,0.40088,0.7731,0.76994,0.6662,0.77983,0.7588,0.72105,0.74076,0.67801,0.46685,0.39222,0.78302,0,0.88163,0.56956,0.83811,0.86651,0.69992,0.81791,0.77031,0.65245,0.67968,0.61453,0.37897,0.3482,0.83604,0.88163,0,0.46772,0.86548,0.9251,0.77357,0.95404,0.9165,0.82785,0.89097,0.77446,0.5856,0.4666,0.40088,0.56956,0.46772,0,0.44682,0.52534,0.41785,0.4206,0.4404,0.30899,0.37319,0.30048,0.22881,0.12877,0.7731,0.83811,0.86548,0.44682,0,0.89395,0.71725,0.85192,0.84549,0.77425,0.77138,0.67001,0.50252,0.45126,0.76994,0.86651,0.9251,0.52534,0.89395,0,0.78248,0.93033,0.9181,0.78014,0.84319,0.71541,0.56949,0.42523,0.6662,0.69992,0.77357,0.41785,0.71725,0.78248,0,0.76809,0.80554,0.6757,0.68839,0.5542,0.50611,0.42647,0.77983,0.81791,0.95404,0.4206,0.85192,0.93033,0.76809,0,0.94084,0.86178,0.92636,0.77242,0.6199,0.47024,0.7588,0.77031,0.9165,0.4404,0.84549,0.9181,0.80554,0.94084,0,0.85732,0.90251,0.77718,0.66998,0.48881,0.72105,0.65245,0.82785,0.30899,0.77425,0.78014,0.6757,0.86178,0.85732,0,0.87946,0.71145,0.67312,0.43082,0.74076,0.67968,0.89097,0.37319,0.77138,0.84319,0.68839,0.92636,0.90251,0.87946,0,0.78876,0.71623,0.48215,0.67801,0.61453,0.77446,0.30048,0.67001,0.71541,0.5542,0.77242,0.77718,0.71145,0.78876,0,0.54665,0.45564,0.46685,0.37897,0.5856,0.22881,0.50252,0.56949,0.50611,0.6199,0.66998,0.67312,0.71623,0.54665,0,0.38516,0.39222,0.3482,0.4666,0.12877,0.45126,0.42523,0.42647,0.47024,0.48881,0.43082,0.48215,0.45564,0.38516,0
2,0,0.46803,0.34427,0.55939,0.19125,0.31072,0.20708,0.32541,0.26398,0.17167,0.38142,0.63725,0.4781,0.89709,0.46803,0,0.1045,0.47934,0.45309,0.27988,0.047315,0.25392,0.1568,0.33629,0.28407,0.28985,0.60206,0.44316,0.34427,0.1045,0,0.061215,0.085448,0.071976,0.057279,0.060745,0.029081,0.1121,0.1071,0.24668,0.10767,0.22701,0.55939,0.47934,0.061215,0,0.11047,0.22333,0.23639,0.3145,0.24118,0.12466,0.26011,0.45317,0.45924,0.57686,0.19125,0.45309,0.085448,0.11047,0,0.18558,0.24957,0.32347,0.33091,0.5675,0.11858,0.14104,0.19083,0.084655,0.31072,0.27988,0.071976,0.22333,0.18558,0,0.60679,0.75382,0.62237,0.2654,0.2481,0.41009,0.097722,0.37046,0.20708,0.047315,0.057279,0.23639,0.24957,0.60679,0,0.72104,0.62538,0.30246,0.10402,0.34772,0.11577,0.20828,0.32541,0.25392,0.060745,0.3145,0.32347,0.75382,0.72104,0,0.79439,0.42605,0.30133,0.54051,0.073027,0.4238,0.26398,0.1568,0.029081,0.24118,0.33091,0.62237,0.62538,0.79439,0,0.30826,0.31137,0.47179,0.046285,0.3156,0.17167,0.33629,0.1121,0.12466,0.5675,0.2654,0.30246,0.42605,0.30826,0,-0.0359,0.20978,0.15805,0.0812,0.38142,0.28407,0.1071,0.26011,0.11858,0.2481,0.10402,0.30133,0.31137,-0.0359,0,0.27098,0.24135,0.44658,0.63725,0.28985,0.24668,0.45317,0.14104,0.41009,0.34772,0.54051,0.47179,0.20978,0.27098,0,0.25206,0.66846,0.4781,0.60206,0.10767,0.45924,0.19083,0.097722,0.11577,0.073027,0.046285,0.15805,0.24135,0.25206,0,0.4571,0.89709,0.44316,0.22701,0.57686,0.084655,0.37046,0.20828,0.4238,0.3156,0.0812,0.44658,0.66846,0.4571,0
2,0,-0.033761,0.19751,0.14562,0.12323,0.17866,0.23879,0.22323,0.011069,0.26658,0.25834,0.24358,0.1711,0.27551,-0.033761,0,0.25424,0.36016,0.40762,0.00030105,-0.12876,-0.11886,-0.2135,-0.42079,-0.057337,-0.14895,-0.23908,-0.10083,0.19751,0.25424,0,0.48119,0.45724,0.63727,0.56616,0.61498,0.20864,0.48631,0.46278,0.70234,0.51404,0.74854,0.14562,0.36016,0.48119,0,0.25987,0.22118,0.2623,0.19391,0.056984,0.012335,0.17966,0.092129,0.051579,0.1894,0.12323,0.40762,0.45724,0.25987,0,0.33085,0.27065,0.22216,0.036347,0.13177,0.20051,0.31338,0.11039,0.30329,0.17866,0.00030105,0.63727,0.22118,0.33085,0,0.70725,0.73157,0.28604,0.61914,0.39378,0.59364,0.44509,0.59732,0.23879,-0.12876,0.56616,0.2623,0.27065,0.70725,0,0.63868,0.17461,0.67638,0.50791,0.57156,0.48161,0.60301,0.22323,-0.11886,0.61498,0.19391,0.22216,0.73157,0.63868,0,0.48216,0.69272,0.43791,0.59703,0.60234,0.68068,0.011069,-0.2135,0.20864,0.056984,0.036347,0.28604,0.17461,0.48216,0,0.33858,0.10825,0.37851,0.32499,0.35464,0.26658,-0.42079,0.48631,0.012335,0.13177,0.61914,0.67638,0.69272,0.33858,0,0.53222,0.7513,0.82056,0.72764,0.25834,-0.057337,0.46278,0.17966,0.20051,0.39378,0.50791,0.43791,0.10825,0.53222,0,0.51313,0.54825,0.51305,0.24358,-0.14895,0.70234,0.092129,0.31338,0.59364,0.57156,0.59703,0.37851,0.7513,0.51313,0,0.70975,0.83286,0.1711,-0.23908,0.51404,0.051579,0.11039,0.44509,0.48161,0.60234,0.32499,0.82056,0.54825,0.70975,0,0.73331,0.27551,-0.10083,0.74854,0.1894,0.30329,0.59732,0.60301,0.68068,0.35464,0.72764,0.51305,0.83286,0.73331,0
1,0,0.37179,0.31177,0.56611,0.58995,0.298,0.3386,0.50042,0.33367,0.31381,0.39417,0.60383,0.12326,0.50264,0.37179,0,0.1012,0.42216,0.48266,0.19983,0.071576,0.10112,0.031111,0.15784,0.0082569,0.069454,0.015219,0.17534,0.31177,0.1012,0,0.12198,0.33473,0.27425,0.20425,0.33601,0.22947,0.18399,0.25124,0.27264,0.023534,0.28461,0.56611,0.42216,0.12198,0,0.52998,0.28093,0.14729,0.22643,-0.0012728,0.14619,0.027415,0.24815,-0.073492,-0.0029913,0.58995,0.48266,0.33473,0.52998,0,0.50518,0.39908,0.6855,0.47614,0.50338,0.37399,0.4433,0.027937,0.34303,0.298,0.19983,0.27425,0.28093,0.50518,0,0.60749,0.6788,0.48508,0.41052,0.40186,0.39057,0.13583,0.29554,0.3386,0.071576,0.20425,0.14729,0.39908,0.60749,0,0.66068,0.54643,0.35235,0.48645,0.4083,0.28767,0.40213,0.50042,0.10112,0.33601,0.22643,0.6855,0.6788,0.66068,0,0.76062,0.62851,0.7358,0.69769,0.31763,0.53018,0.33367,0.031111,0.22947,-0.0012728,0.47614,0.48508,0.54643,0.76062,0,0.52032,0.63281,0.55735,0.30866,0.4291,0.31381,0.15784,0.18399,0.14619,0.50338,0.41052,0.35235,0.62851,0.52032,0,0.55474,0.50342,0.22345,0.27501,0.39417,0.0082569,0.25124,0.027415,0.37399,0.40186,0.48645,0.7358,0.63281,0.55474,0,0.73281,0.64698,0.56507,0.60383,0.069454,0.27264,0.24815,0.4433,0.39057,0.4083,0.69769,0.55735,0.50342,0.73281,0,0.37078,0.58581,0.12326,0.015219,0.023534,-0.073492,0.027937,0.13583,0.28767,0.31763,0.30866,0.22345,0.64698,0.37078,0,0.30443,0.50264,0.17534,0.28461,-0.0029913,0.34303,0.29554,0.40213,0.53018,0.4291,0.27501,0.56507,0.58581,0.30443,0
0,0,0.44306,0.35231,0.55903,0.41951,0.14462,0.075434,0.14697,0.14589,0.13458,0.22939,0.38467,0.12601,0.13819,0.44306,0,0.17967,0.66932,0.58082,0.28522,0.088414,0.099258,0.016091,-0.015564,0.013095,0.052603,-0.26832,-0.020223,0.35231,0.17967,0,0.20747,0.16621,0.071791,-0.038465,0.16694,0.14282,0.1075,0.14346,0.23708,0.12705,0.14216,0.55903,0.66932,0.20747,0,0.72307,0.35224,0.13122,0.1946,0.16972,0.14795,0.19673,0.32014,-0.031027,0.089099,0.41951,0.58082,0.16621,0.72307,0,0.65337,0.28205,0.48546,0.41297,0.4348,0.18662,0.42468,0.091935,0.13772,0.14462,0.28522,0.071791,0.35224,0.65337,0,0.32023,0.56396,0.46279,0.48,0.26558,0.4175,0.23492,0.15145,0.075434,0.088414,-0.038465,0.13122,0.28205,0.32023,0,0.43132,0.40215,0.40155,0.23419,0.3519,0.29413,0.15055,0.14697,0.099258,0.16694,0.1946,0.48546,0.56396,0.43132,0,0.59821,0.63017,0.35023,0.54322,0.42609,0.2064,0.14589,0.016091,0.14282,0.16972,0.41297,0.46279,0.40215,0.59821,0,0.91793,0.57892,0.71469,0.70814,0.38331,0.13458,-0.015564,0.1075,0.14795,0.4348,0.48,0.40155,0.63017,0.91793,0,0.56433,0.74258,0.73359,0.31827,0.22939,0.013095,0.14346,0.19673,0.18662,0.26558,0.23419,0.35023,0.57892,0.56433,0,0.67998,0.75227,0.28383,0.38467,0.052603,0.23708,0.32014,0.42468,0.4175,0.3519,0.54322,0.71469,0.74258,0.67998,0,0.78535,0.42074,0.12601,-0.26832,0.12705,-0.031027,0.091935,0.23492,0.29413,0.42609,0.70814,0.73359,0.75227,0.78535,0,0.41465,0.13819,-0.020223,0.14216,0.089099,0.13772,0.15145,0.15055,0.2064,0.38331,0.31827,0.28383,0.42074,0.41465,0
2,0,0.022197,0.17792,0.098532,0.058025,0.047988,0.091709,-0.072119,0.0067441,0.020686,0.061454,0.12284,0.0042127,0.12107,0.022197,0,-0.14939,0.051938,-0.022735,0.10852,-0.042371,-0.12868,-0.038699,-0.1022,-0.12633,-0.047597,-0.11848,-0.12585,0.17792,-0.14939,0,0.31624,0.22437,0.041823,0.22761,0.30669,0.30587,0.32697,0.38781,0.57972,0.46382,0.63287,0.098532,0.051938,0.31624,0,-0.026771,0.10578,0.23459,-0.0049963,0.16205,-0.091526,0.062798,0.072594,-0.085125,-0.037748,0.058025,-0.022735,0.22437,-0.026771,0,-0.023047,0.012648,-0.026247,-0.24003,-0.053645,0.04216,0.06203,-0.011127,0.26992,0.047988,0.10852,0.041823,0.10578,-0.023047,0,0.17207,0.25719,0.30828,0.28456,0.069234,-0.0073721,0.10603,-0.030106,0.091709,-0.042371,0.22761,0.23459,0.012648,0.17207,0,0.20426,0.31038,0.27299,0.25622,0.070093,0.16708,0.097333,-0.072119,-0.12868,0.30669,-0.0049963,-0.026247,0.25719,0.20426,0,0.61114,0.68164,0.52086,0.25962,0.56792,0.29851,0.0067441,-0.038699,0.30587,0.16205,-0.24003,0.30828,0.31038,0.61114,0,0.66212,0.30611,0.37816,0.47604,0.12535,0.020686,-0.1022,0.32697,-0.091526,-0.053645,0.28456,0.27299,0.68164,0.66212,0,0.65674,0.43122,0.80438,0.42878,0.061454,-0.12633,0.38781,0.062798,0.04216,0.069234,0.25622,0.52086,0.30611,0.65674,0,0.35648,0.75869,0.59725,0.12284,-0.047597,0.57972,0.072594,0.06203,-0.0073721,0.070093,0.25962,0.37816,0.43122,0.35648,0,0.49113,0.39819,0.0042127,-0.11848,0.46382,-0.085125,-0.011127,0.10603,0.16708,0.56792,0.47604,0.80438,0.75869,0.49113,0,0.70058,0.12107,-0.12585,0.63287,-0.037748,0.26992,-0.030106,0.097333,0.29851,0.12535,0.42878,0.59725,0.39819,0.70058,0
1,0,0.96824,0.9915,0.99119,0.73941,0.9627,0.90915,0.98163,0.98042,0.85246,0.94723,0.96654,0.95655,0.98837,0.96824,0,0.97421,0.97623,0.70075,0.96706,0.89276,0.96988,0.95909,0.85156,0.93664,0.95104,0.94183,0.96392,0.9915,0.97421,0,0.99128,0.7305,0.97473,0.91515,0.99165,0.98662,0.85403,0.95895,0.9756,0.96678,0.993,0.99119,0.97623,0.99128,0,0.73202,0.97249,0.9111,0.98571,0.98077,0.84238,0.94799,0.96431,0.95355,0.98281,0.73941,0.70075,0.7305,0.73202,0,0.69001,0.69794,0.72566,0.74011,0.56135,0.69031,0.71107,0.70129,0.71724,0.9627,0.96706,0.97473,0.97249,0.69001,0,0.90613,0.98067,0.96863,0.82411,0.94498,0.952,0.95101,0.96515,0.90915,0.89276,0.91515,0.9111,0.69794,0.90613,0,0.91456,0.91975,0.79648,0.90662,0.90408,0.90784,0.90987,0.98163,0.96988,0.99165,0.98571,0.72566,0.98067,0.91456,0,0.98834,0.85401,0.9607,0.97078,0.96876,0.98557,0.98042,0.95909,0.98662,0.98077,0.74011,0.96863,0.91975,0.98834,0,0.84371,0.95813,0.96157,0.97198,0.98088,0.85246,0.85156,0.85403,0.84238,0.56135,0.82411,0.79648,0.85401,0.84371,0,0.84699,0.86086,0.86427,0.85099,0.94723,0.93664,0.95895,0.94799,0.69031,0.94498,0.90662,0.9607,0.95813,0.84699,0,0.9495,0.96779,0.96029,0.96654,0.95104,0.9756,0.96431,0.71107,0.952,0.90408,0.97078,0.96157,0.86086,0.9495,0,0.9547,0.97626,0.95655,0.94183,0.96678,0.95355,0.70129,0.95101,0.90784,0.96876,0.97198,0.86427,0.96779,0.9547,0,0.96796,0.98837,0.96392,0.993,0.98281,0.71724,0.96515,0.90987,0.98557,0.98088,0.85099,0.96029,0.97626,0.96796,0
2,0,0.53775,0.10674,0.20538,0.13442,0.6979,-0.048125,0.14943,0.12567,-0.033693,0.42606,0.24505,0.75987,0.96667,0.53775,0,0.065081,-0.41105,-0.19369,0.4776,-0.36117,-0.13689,0.032387,-0.19363,-0.10414,-0.36154,0.64914,0.50822,0.10674,0.065081,0,-0.12027,0.57309,0.085544,0.0067149,0.15157,0.069934,0.49908,0.022639,0.072546,0.072235,0.16295,0.20538,-0.41105,-0.12027,0,0.30762,0.15733,0.49093,0.2693,0.12377,0.11416,0.6882,0.70707,-0.041021,0.20523,0.13442,-0.19369,0.57309,0.30762,0,0.15786,0.23415,0.2767,0.070395,0.5558,0.36785,0.3544,0.018396,0.20353,0.6979,0.4776,0.085544,0.15733,0.15786,0,0.36939,0.49532,0.093132,-0.0044807,0.46722,0.062902,0.76384,0.75162,-0.048125,-0.36117,0.0067149,0.49093,0.23415,0.36939,0,0.7258,0.088866,0.24146,0.47858,0.40633,-0.0018772,0.019888,0.14943,-0.13689,0.15157,0.2693,0.2767,0.49532,0.7258,0,0.069758,0.30483,0.49731,0.2928,0.23671,0.25328,0.12567,0.032387,0.069934,0.12377,0.070395,0.093132,0.088866,0.069758,0,0.081261,0.10597,0.12823,0.086315,0.11458,-0.033693,-0.19363,0.49908,0.11416,0.5558,-0.0044807,0.24146,0.30483,0.081261,0,0.12213,0.28203,-0.098575,0.012684,0.42606,-0.10414,0.022639,0.6882,0.36785,0.46722,0.47858,0.49731,0.10597,0.12213,0,0.55452,0.33588,0.48691,0.24505,-0.36154,0.072546,0.70707,0.3544,0.062902,0.40633,0.2928,0.12823,0.28203,0.55452,0,0.020341,0.2366,0.75987,0.64914,0.072235,-0.041021,0.018396,0.76384,-0.0018772,0.23671,0.086315,-0.098575,0.33588,0.020341,0,0.78457,0.96667,0.50822,0.16295,0.20523,0.20353,0.75162,0.019888,0.25328,0.11458,0.012684,0.48691,0.2366,0.78457,0
0,0,0.84366,0.23398,0.93287,0.8959,0.78029,0.8864,0.81756,0.84337,0.54052,0.84377,0.54487,0.8289,0.85689,0.84366,0,0.23481,0.90253,0.89116,0.77576,0.82426,0.77139,0.7932,0.6295,0.72415,0.45481,0.65814,0.75517,0.23398,0.23481,0,0.24266,0.23638,0.15157,0.25043,0.24207,0.27579,0.22511,0.25339,0.12864,0.19144,0.23345,0.93287,0.90253,0.24266,0,0.95876,0.80067,0.91184,0.86084,0.83999,0.61164,0.8507,0.50661,0.77144,0.83464,0.8959,0.89116,0.23638,0.95876,0,0.79901,0.9266,0.86764,0.84436,0.67743,0.88718,0.51173,0.77779,0.8458,0.78029,0.77576,0.15157,0.80067,0.79901,0,0.82264,0.73101,0.80541,0.56865,0.76304,0.53837,0.71832,0.75152,0.8864,0.82426,0.25043,0.91184,0.9266,0.82264,0,0.83708,0.88904,0.67371,0.90187,0.56718,0.81504,0.86675,0.81756,0.77139,0.24207,0.86084,0.86764,0.73101,0.83708,0,0.80066,0.61719,0.83783,0.4818,0.76758,0.79656,0.84337,0.7932,0.27579,0.83999,0.84436,0.80541,0.88904,0.80066,0,0.68149,0.88616,0.64707,0.77229,0.82415,0.54052,0.6295,0.22511,0.61164,0.67743,0.56865,0.67371,0.61719,0.68149,0,0.67892,0.35216,0.48534,0.64664,0.84377,0.72415,0.25339,0.8507,0.88718,0.76304,0.90187,0.83783,0.88616,0.67892,0,0.6093,0.85807,0.89615,0.54487,0.45481,0.12864,0.50661,0.51173,0.53837,0.56718,0.4818,0.64707,0.35216,0.6093,0,0.53273,0.65257,0.8289,0.65814,0.19144,0.77144,0.77779,0.71832,0.81504,0.76758,0.77229,0.48534,0.85807,0.53273,0,0.82651,0.85689,0.75517,0.23345,0.83464,0.8458,0.75152,0.86675,0.79656,0.82415,0.64664,0.89615,0.65257,0.82651,0
0,0,0.2213,-0.073144,0.50999,0.49174,0.44854,0.15325,0.45149,0.43083,0.36201,0.52777,0.4785,0.46998,0.40711,0.2213,0,0.10791,0.31761,0.49144,0.45052,0.081757,0.42253,0.45924,0.3547,0.25968,0.3646,0.42509,0.29154,-0.073144,0.10791,0,-0.055537,0.0020979,0.01505,-0.046434,0.069745,0.12174,0.092588,-0.068159,0.045335,0.050966,0.13931,0.50999,0.31761,-0.055537,0,0.92207,0.89074,0.14013,0.80592,0.76997,0.67345,0.82521,0.78149,0.83043,0.42475,0.49174,0.49144,0.0020979,0.92207,0,0.94505,0.15449,0.85378,0.8352,0.73852,0.81367,0.7914,0.87137,0.43557,0.44854,0.45052,0.01505,0.89074,0.94505,0,0.17559,0.86706,0.89808,0.75237,0.809,0.79219,0.88293,0.40393,0.15325,0.081757,-0.046434,0.14013,0.15449,0.17559,0,0.089223,0.17577,0.109,0.27411,0.13049,0.12362,0.14977,0.45149,0.42253,0.069745,0.80592,0.85378,0.86706,0.089223,0,0.82631,0.77651,0.7404,0.73656,0.86817,0.42056,0.43083,0.45924,0.12174,0.76997,0.8352,0.89808,0.17577,0.82631,0,0.73271,0.76981,0.7515,0.8422,0.41618,0.36201,0.3547,0.092588,0.67345,0.73852,0.75237,0.109,0.77651,0.73271,0,0.65324,0.66352,0.77564,0.36831,0.52777,0.25968,-0.068159,0.82521,0.81367,0.809,0.27411,0.7404,0.76981,0.65324,0,0.75308,0.85411,0.39529,0.4785,0.3646,0.045335,0.78149,0.7914,0.79219,0.13049,0.73656,0.7515,0.66352,0.75308,0,0.79159,0.5005,0.46998,0.42509,0.050966,0.83043,0.87137,0.88293,0.12362,0.86817,0.8422,0.77564,0.85411,0.79159,0,0.45561,0.40711,0.29154,0.13931,0.42475,0.43557,0.40393,0.14977,0.42056,0.41618,0.36831,0.39529,0.5005,0.45561,0
2,0,-0.1364,0.68501,0.55961,-0.55714,0.43202,0.25557,0.53436,0.14995,0.37135,0.040322,0.46024,0.41403,0.67665,-0.1364,0,-0.16161,-0.1347,0.44995,-0.050634,-0.059416,-0.21805,-0.014336,-0.14016,0.0038744,-0.09632,-0.14855,-0.11378,0.68501,-0.16161,0,0.40032,-0.48823,0.44314,0.33517,0.54768,0.17965,0.4016,-0.014097,0.38425,0.33669,0.52838,0.55961,-0.1347,0.40032,0,-0.50423,0.45758,0.14037,0.2855,-0.15768,0.040348,-0.053444,0.079683,-0.0010575,0.090757,-0.55714,0.44995,-0.48823,-0.50423,0,-0.43058,-0.25418,-0.56245,-0.067414,-0.26269,-0.015733,-0.22197,-0.20235,-0.33191,0.43202,-0.050634,0.44314,0.45758,-0.43058,0,0.27997,0.57838,0.20867,0.45202,0.018547,0.29728,0.24649,0.3708,0.25557,-0.059416,0.33517,0.14037,-0.25418,0.27997,0,0.4113,0.13487,0.28931,-0.073833,0.1887,0.20332,0.2674,0.53436,-0.21805,0.54768,0.2855,-0.56245,0.57838,0.4113,0,0.40837,0.65717,0.092755,0.53245,0.5161,0.57165,0.14995,-0.014336,0.17965,-0.15768,-0.067414,0.20867,0.13487,0.40837,0,0.68687,0.49102,0.70564,0.38496,0.30577,0.37135,-0.14016,0.4016,0.040348,-0.26269,0.45202,0.28931,0.65717,0.68687,0,0.19699,0.6438,0.80259,0.60238,0.040322,0.0038744,-0.014097,-0.053444,-0.015733,0.018547,-0.073833,0.092755,0.49102,0.19699,0,0.5417,0.030396,0.048078,0.46024,-0.09632,0.38425,0.079683,-0.22197,0.29728,0.1887,0.53245,0.70564,0.6438,0.5417,0,0.49425,0.58552,0.41403,-0.14855,0.33669,-0.0010575,-0.20235,0.24649,0.20332,0.5161,0.38496,0.80259,0.030396,0.49425,0,0.66398,0.67665,-0.11378,0.52838,0.090757,-0.33191,0.3708,0.2674,0.57165,0.30577,0.60238,0.048078,0.58552,0.66398,0
0,0,0.36615,0.014902,0.25336,0.11773,0.2505,0.25829,0.25449,0.19164,0.030356,0.19351,0.4233,0.15641,0.84677,0.36615,0,0.25035,0.85802,0.71344,0.68283,0.68522,0.63395,0.56525,0.52192,0.44187,0.50007,0.089418,0.24617,0.014902,0.25035,0,0.33234,0.35087,0.36752,0.34669,0.27617,0.28522,0.39542,0.2761,0.30998,0.25704,0.031161,0.25336,0.85802,0.33234,0,0.83944,0.86171,0.85937,0.7472,0.7985,0.72311,0.57556,0.66539,0.42915,0.19194,0.11773,0.71344,0.35087,0.83944,0,0.73919,0.78167,0.77914,0.77091,0.91802,0.76699,0.79112,0.38799,0.1142,0.2505,0.68283,0.36752,0.86171,0.73919,0,0.90656,0.77597,0.86541,0.73904,0.57871,0.62474,0.63236,0.16636,0.25829,0.68522,0.34669,0.85937,0.78167,0.90656,0,0.85831,0.92282,0.78934,0.66715,0.72735,0.64746,0.1933,0.25449,0.63395,0.27617,0.7472,0.77914,0.77597,0.85831,0,0.87572,0.79369,0.77323,0.6977,0.55616,0.21974,0.19164,0.56525,0.28522,0.7985,0.77091,0.86541,0.92282,0.87572,0,0.8238,0.72355,0.75174,0.71625,0.15927,0.030356,0.52192,0.39542,0.72311,0.91802,0.73904,0.78934,0.79369,0.8238,0,0.82424,0.80027,0.57699,0.067259,0.19351,0.44187,0.2761,0.57556,0.76699,0.57871,0.66715,0.77323,0.72355,0.82424,0,0.76442,0.52081,0.19095,0.4233,0.50007,0.30998,0.66539,0.79112,0.62474,0.72735,0.6977,0.75174,0.80027,0.76442,0,0.52651,0.45441,0.15641,0.089418,0.25704,0.42915,0.38799,0.63236,0.64746,0.55616,0.71625,0.57699,0.52081,0.52651,0,0.24041,0.84677,0.24617,0.031161,0.19194,0.1142,0.16636,0.1933,0.21974,0.15927,0.067259,0.19095,0.45441,0.24041,0
1,0,0.13263,0.57373,0.56344,0.36477,0.40811,0.44062,0.39343,0.37825,0.34211,0.26589,0.45744,0.065162,0.46165,0.13263,0,0.10618,0.23521,0.15636,-0.0083206,0.025446,-0.035529,-0.016024,-0.16507,0.15746,-0.022636,-0.45679,0.14868,0.57373,0.10618,0,0.77592,0.65119,0.73547,0.75698,0.77041,0.70784,0.62509,0.32268,0.8431,0.16892,0.76199,0.56344,0.23521,0.77592,0,0.6671,0.72778,0.72312,0.70654,0.6735,0.42051,0.36529,0.55719,-0.12212,0.55301,0.36477,0.15636,0.65119,0.6671,0,0.65786,0.62337,0.6291,0.58304,0.4367,0.24954,0.45201,0.028845,0.45576,0.40811,-0.0083206,0.73547,0.72778,0.65786,0,0.85858,0.88698,0.86478,0.69291,0.30164,0.64906,0.045413,0.4298,0.44062,0.025446,0.75698,0.72312,0.62337,0.85858,0,0.8816,0.83798,0.64055,0.35285,0.66593,0.047511,0.49446,0.39343,-0.035529,0.77041,0.70654,0.6291,0.88698,0.8816,0,0.90845,0.70234,0.34241,0.74116,0.065951,0.54325,0.37825,-0.016024,0.70784,0.6735,0.58304,0.86478,0.83798,0.90845,0,0.69174,0.25731,0.71212,0.037558,0.50477,0.34211,-0.16507,0.62509,0.42051,0.4367,0.69291,0.64055,0.70234,0.69174,0,0.28081,0.70256,0.30377,0.44016,0.26589,0.15746,0.32268,0.36529,0.24954,0.30164,0.35285,0.34241,0.25731,0.28081,0,0.24801,-0.0069304,0.26122,0.45744,-0.022636,0.8431,0.55719,0.45201,0.64906,0.66593,0.74116,0.71212,0.70256,0.24801,0,0.27158,0.7703,0.065162,-0.45679,0.16892,-0.12212,0.028845,0.045413,0.047511,0.065951,0.037558,0.30377,-0.0069304,0.27158,0,0.098769,0.46165,0.14868,0.76199,0.55301,0.45576,0.4298,0.49446,0.54325,0.50477,0.44016,0.26122,0.7703,0.098769,0
1,0,0.24264,0.43721,0.27563,0.12094,0.33296,0.35848,0.37908,0.26749,0.14444,0.2842,0.26993,0.26528,0.42814,0.24264,0,0.49899,0.45909,0.28078,0.44798,0.40689,0.41169,0.3748,0.28255,0.16521,0.28015,0.15477,0.41367,0.43721,0.49899,0,0.74653,0.4405,0.81921,0.79055,0.76989,0.75797,0.45763,0.59973,0.65762,0.59354,0.9104,0.27563,0.45909,0.74653,0,0.46351,0.72067,0.584,0.58681,0.67198,0.37317,0.4169,0.54867,0.41156,0.62024,0.12094,0.28078,0.4405,0.46351,0,0.51676,0.44296,0.45227,0.54435,0.31159,0.17464,0.23553,0.32721,0.34565,0.33296,0.44798,0.81921,0.72067,0.51676,0,0.83551,0.82545,0.80513,0.48191,0.52545,0.52383,0.5406,0.70836,0.35848,0.40689,0.79055,0.584,0.44296,0.83551,0,0.78795,0.7599,0.44768,0.50947,0.51535,0.51869,0.70732,0.37908,0.41169,0.76989,0.58681,0.45227,0.82545,0.78795,0,0.77397,0.44756,0.53675,0.54825,0.59023,0.73904,0.26749,0.3748,0.75797,0.67198,0.54435,0.80513,0.7599,0.77397,0,0.54252,0.52419,0.5618,0.59784,0.683,0.14444,0.28255,0.45763,0.37317,0.31159,0.48191,0.44768,0.44756,0.54252,0,0.41571,0.39692,0.5096,0.45021,0.2842,0.16521,0.59973,0.4169,0.17464,0.52545,0.50947,0.53675,0.52419,0.41571,0,0.53812,0.60164,0.65721,0.26993,0.28015,0.65762,0.54867,0.23553,0.52383,0.51535,0.54825,0.5618,0.39692,0.53812,0,0.47991,0.67296,0.26528,0.15477,0.59354,0.41156,0.32721,0.5406,0.51869,0.59023,0.59784,0.5096,0.60164,0.47991,0,0.68844,0.42814,0.41367,0.9104,0.62024,0.34565,0.70836,0.70732,0.73904,0.683,0.45021,0.65721,0.67296,0.68844,0
2,0,0.19665,0.43945,0.28216,-0.0024961,0.05077,0.14231,0.11709,0.078888,0.06159,0.057342,0.24127,0.13037,0.13789,0.19665,0,0.23027,0.59605,0.20771,0.043946,-0.087024,-0.25384,-0.25469,-0.3205,0.078088,-0.19943,-0.35842,0.02864,0.43945,0.23027,0,0.54487,0.34588,0.45245,0.58405,0.5229,0.45495,0.36039,0.15321,0.56234,0.25977,-0.00048762,0.28216,0.59605,0.54487,0,0.29883,0.23747,0.18502,-0.019684,-0.064977,-0.22806,0.14131,-0.054202,-0.33491,-0.055403,-0.0024961,0.20771,0.34588,0.29883,0,0.38246,0.37888,0.32212,0.2845,0.26276,0.069714,0.25372,0.070894,-0.089451,0.05077,0.043946,0.45245,0.23747,0.38246,0,0.7748,0.64272,0.58568,0.46348,0.082396,0.40322,0.12937,-0.15,0.14231,-0.087024,0.58405,0.18502,0.37888,0.7748,0,0.83315,0.74006,0.59781,0.10893,0.55213,0.29978,-0.012757,0.11709,-0.25384,0.5229,-0.019684,0.32212,0.64272,0.83315,0,0.86569,0.75385,0.09933,0.61773,0.48834,-0.011034,0.078888,-0.25469,0.45495,-0.064977,0.2845,0.58568,0.74006,0.86569,0,0.77559,0.22148,0.57457,0.47898,-0.08169,0.06159,-0.3205,0.36039,-0.22806,0.26276,0.46348,0.59781,0.75385,0.77559,0,0.13687,0.64177,0.61014,0.055418,0.057342,0.078088,0.15321,0.14131,0.069714,0.082396,0.10893,0.09933,0.22148,0.13687,0,0.049956,-0.09955,-0.17173,0.24127,-0.19943,0.56234,-0.054202,0.25372,0.40322,0.55213,0.61773,0.57457,0.64177,0.049956,0,0.54073,0.012259,0.13037,-0.35842,0.25977,-0.33491,0.070894,0.12937,0.29978,0.48834,0.47898,0.61014,-0.09955,0.54073,0,0.44525,0.13789,0.02864,-0.00048762,-0.055403,-0.089451,-0.15,-0.012757,-0.011034,-0.08169,0.055418,-0.17173,0.012259,0.44525,0
1,0,0.15854,0.24065,0.46663,0.043249,0.40345,0.46946,0.44322,0.40649,0.3687,0.21965,0.528,0.26296,0.52083,0.15854,0,0.081147,0.30276,0.12153,0.325,0.15691,0.15504,0.060328,0.012776,-0.039568,0.12581,0.040936,0.10645,0.24065,0.081147,0,0.091621,0.027542,0.14403,0.18617,0.2702,0.1772,0.17714,0.20769,0.29984,0.17167,0.17621,0.46663,0.30276,0.091621,0,0.32434,0.67425,0.61747,0.45784,0.49724,0.3589,0.1426,0.54461,0.13524,0.36013,0.043249,0.12153,0.027542,0.32434,0,0.29557,0.24437,0.13667,0.19392,0.1337,0.15413,0.21094,0.055071,0.038564,0.40345,0.325,0.14403,0.67425,0.29557,0,0.89409,0.69644,0.73868,0.62869,0.18315,0.5928,0.21567,0.30194,0.46946,0.15691,0.18617,0.61747,0.24437,0.89409,0,0.72421,0.80401,0.72168,0.29461,0.63586,0.24002,0.34804,0.44322,0.15504,0.2702,0.45784,0.13667,0.69644,0.72421,0,0.63395,0.58495,0.23069,0.57656,0.28604,0.39179,0.40649,0.060328,0.1772,0.49724,0.19392,0.73868,0.80401,0.63395,0,0.91694,0.49466,0.70891,0.30067,0.43065,0.3687,0.012776,0.17714,0.3589,0.1337,0.62869,0.72168,0.58495,0.91694,0,0.60823,0.71402,0.33164,0.44243,0.21965,-0.039568,0.20769,0.1426,0.15413,0.18315,0.29461,0.23069,0.49466,0.60823,0,0.5701,0.36229,0.41752,0.528,0.12581,0.29984,0.54461,0.21094,0.5928,0.63586,0.57656,0.70891,0.71402,0.5701,0,0.48567,0.61744,0.26296,0.040936,0.17167,0.13524,0.055071,0.21567,0.24002,0.28604,0.30067,0.33164,0.36229,0.48567,0,0.7435,0.52083,0.10645,0.17621,0.36013,0.038564,0.30194,0.34804,0.39179,0.43065,0.44243,0.41752,0.61744,0.7435,0
1,0,0.49175,-0.048863,0.63204,0.40559,0.12378,0.17793,0.13124,0.30355,0.35694,0.44659,0.41403,0.49028,0.73193,0.49175,0,-0.052066,0.46402,0.4289,0.22814,0.16818,0.10477,0.23624,0.2341,0.33119,0.16425,0.82142,0.47459,-0.048863,-0.052066,0,-0.12735,0.15165,-0.023667,-0.1164,-0.064021,0.084467,-0.077827,0.16711,0.017097,-0.063058,0.0038933,0.63204,0.46402,-0.12735,0,0.38372,0.16745,0.17386,0.023159,0.13855,0.34007,0.20691,0.21196,0.50459,0.6498,0.40559,0.4289,0.15165,0.38372,0,0.035777,0.27782,0.21295,0.3523,0.17775,0.24056,0.21084,0.29309,0.38193,0.12378,0.22814,-0.023667,0.16745,0.035777,0,0.34693,0.22819,0.1659,0.12436,0.17491,0.11748,0.1445,0.11063,0.17793,0.16818,-0.1164,0.17386,0.27782,0.34693,0,0.77622,0.61443,0.32376,0.29435,0.49805,0.11886,-0.039082,0.13124,0.10477,-0.064021,0.023159,0.21295,0.22819,0.77622,0,0.8274,0.38385,0.41736,0.69431,0.079419,-0.065057,0.30355,0.23624,0.084467,0.13855,0.3523,0.1659,0.61443,0.8274,0,0.51511,0.55297,0.70806,0.24983,0.16779,0.35694,0.2341,-0.077827,0.34007,0.17775,0.12436,0.32376,0.38385,0.51511,0,0.43274,0.49448,0.37328,0.32553,0.44659,0.33119,0.16711,0.20691,0.24056,0.17491,0.29435,0.41736,0.55297,0.43274,0,0.59366,0.43282,0.4067,0.41403,0.16425,0.017097,0.21196,0.21084,0.11748,0.49805,0.69431,0.70806,0.49448,0.59366,0,0.25482,0.22073,0.49028,0.82142,-0.063058,0.50459,0.29309,0.1445,0.11886,0.079419,0.24983,0.37328,0.43282,0.25482,0,0.58375,0.73193,0.47459,0.0038933,0.6498,0.38193,0.11063,-0.039082,-0.065057,0.16779,0.32553,0.4067,0.22073,0.58375,0
0,0,0.079015,0.91522,0.5982,0.14803,0.81761,0.93272,0.98662,0.32145,-0.012617,-0.0022104,0.079079,-0.082161,0.98754,0.079015,0,0.25918,0.43912,0.187,0.13014,0.052431,0.10357,-0.21989,-0.28502,-0.28797,-0.3285,-0.29517,0.10041,0.91522,0.25918,0,0.78615,0.21941,0.78957,0.85257,0.92013,0.21269,-0.11554,-0.11863,-0.044617,-0.1899,0.91855,0.5982,0.43912,0.78615,0,0.34614,0.7275,0.63097,0.62086,-0.13535,-0.32817,-0.34931,-0.31452,-0.40571,0.6386,0.14803,0.187,0.21941,0.34614,0,0.29278,0.19944,0.17315,-0.12351,-0.14076,-0.17333,-0.16637,-0.20814,0.17932,0.81761,0.13014,0.78957,0.7275,0.29278,0,0.89123,0.84323,0.017255,-0.23834,-0.24307,-0.1946,-0.3445,0.87022,0.93272,0.052431,0.85257,0.63097,0.19944,0.89123,0,0.93296,0.23919,-0.068165,-0.063492,0.021111,-0.14886,0.94458,0.98662,0.10357,0.92013,0.62086,0.17315,0.84323,0.93296,0,0.27577,-0.048346,-0.049811,0.018122,-0.13946,0.98916,0.32145,-0.21989,0.21269,-0.13535,-0.12351,0.017255,0.23919,0.27577,0,0.77696,0.84186,0.92955,0.79737,0.25864,-0.012617,-0.28502,-0.11554,-0.32817,-0.14076,-0.23834,-0.068165,-0.048346,0.77696,0,0.8865,0.83368,0.84553,-0.065849,-0.0022104,-0.28797,-0.11863,-0.34931,-0.17333,-0.24307,-0.063492,-0.049811,0.84186,0.8865,0,0.88873,0.95318,-0.060247,0.079079,-0.3285,-0.044617,-0.31452,-0.16637,-0.1946,0.021111,0.018122,0.92955,0.83368,0.88873,0,0.89331,0.014995,-0.082161,-0.29517,-0.1899,-0.40571,-0.20814,-0.3445,-0.14886,-0.13946,0.79737,0.84553,0.95318,0.89331,0,-0.13967,0.98754,0.10041,0.91855,0.6386,0.17932,0.87022,0.94458,0.98916,0.25864,-0.065849,-0.060247,0.014995,-0.13967,0
2,0,-0.064568,0.76364,0.81,-0.54143,0.48278,0.68303,0.76817,0.13867,0.74049,0.0053848,0.61044,0.16375,0.82309,-0.064568,0,-0.045179,-0.024854,0.30554,0.021196,-0.2399,-0.21288,0.10222,-0.26756,0.37512,0.062375,0.45972,-0.17723,0.76364,-0.045179,0,0.60247,-0.4277,0.38769,0.47341,0.5771,0.16158,0.52583,-0.0054858,0.51832,0.11726,0.54249,0.81,-0.024854,0.60247,0,-0.5187,0.42401,0.66088,0.75835,0.13607,0.74149,0.036158,0.47263,0.15888,0.75451,-0.54143,0.30554,-0.4277,-0.5187,0,-0.31458,-0.56787,-0.66049,-0.020551,-0.54004,0.1645,-0.45813,0.0018542,-0.55997,0.48278,0.021196,0.38769,0.42401,-0.31458,0,0.41549,0.45489,0.04874,0.37568,-0.041873,0.35044,0.12134,0.31809,0.68303,-0.2399,0.47341,0.66088,-0.56787,0.41549,0,0.8632,0.21178,0.74445,0.0082014,0.56511,0.12999,0.70691,0.76817,-0.21288,0.5771,0.75835,-0.66049,0.45489,0.8632,0,0.36356,0.86454,0.048727,0.63082,0.16793,0.79056,0.13867,0.10222,0.16158,0.13607,-0.020551,0.04874,0.21178,0.36356,0,0.2564,0.66835,0.31573,0.56132,0.28228,0.74049,-0.26756,0.52583,0.74149,-0.54004,0.37568,0.74445,0.86454,0.2564,0,-0.011736,0.53485,0.07844,0.82585,0.0053848,0.37512,-0.0054858,0.036158,0.1645,-0.041873,0.0082014,0.048727,0.66835,-0.011736,0,0.24557,0.88716,0.10123,0.61044,0.062375,0.51832,0.47263,-0.45813,0.35044,0.56511,0.63082,0.31573,0.53485,0.24557,0,0.38321,0.53772,0.16375,0.45972,0.11726,0.15888,0.0018542,0.12134,0.12999,0.16793,0.56132,0.07844,0.88716,0.38321,0,0.21215,0.82309,-0.17723,0.54249,0.75451,-0.55997,0.31809,0.70691,0.79056,0.28228,0.82585,0.10123,0.53772,0.21215,0
0,0,0.99224,-0.77533,0.98191,0.23304,0.98776,0.98152,0.99028,0.98554,0.98628,0.98318,0.98737,0.9771,0.99157,0.99224,0,-0.78355,0.98667,0.24071,0.99302,0.98092,0.9901,0.98705,0.98849,0.98492,0.98666,0.97627,0.98675,-0.77533,-0.78355,0,-0.77457,-0.65275,-0.78774,-0.78665,-0.78975,-0.77501,-0.76014,-0.75791,-0.75587,-0.76767,-0.78522,0.98191,0.98667,-0.77457,0,0.2312,0.97953,0.96902,0.97914,0.97717,0.97735,0.97657,0.97148,0.96976,0.97785,0.23304,0.24071,-0.65275,0.2312,0,0.25251,0.25687,0.22904,0.22387,0.21564,0.21737,0.21918,0.24188,0.23565,0.98776,0.99302,-0.78774,0.97953,0.25251,0,0.98505,0.99309,0.99054,0.9933,0.98702,0.98683,0.97977,0.98457,0.98152,0.98092,-0.78665,0.96902,0.25687,0.98505,0,0.98469,0.97909,0.97902,0.97729,0.97642,0.96975,0.97788,0.99028,0.9901,-0.78975,0.97914,0.22904,0.99309,0.98469,0,0.98976,0.98751,0.98168,0.9835,0.97615,0.99094,0.98554,0.98705,-0.77501,0.97717,0.22387,0.99054,0.97909,0.98976,0,0.9884,0.98709,0.98358,0.9798,0.98234,0.98628,0.98849,-0.76014,0.97735,0.21564,0.9933,0.97902,0.98751,0.9884,0,0.99157,0.98983,0.98205,0.98288,0.98318,0.98492,-0.75791,0.97657,0.21737,0.98702,0.97729,0.98168,0.98709,0.99157,0,0.98652,0.98818,0.98135,0.98737,0.98666,-0.75587,0.97148,0.21918,0.98683,0.97642,0.9835,0.98358,0.98983,0.98652,0,0.97728,0.98374,0.9771,0.97627,-0.76767,0.96976,0.24188,0.97977,0.96975,0.97615,0.9798,0.98205,0.98818,0.97728,0,0.97728,0.99157,0.98675,-0.78522,0.97785,0.23565,0.98457,0.97788,0.99094,0.98234,0.98288,0.98135,0.98374,0.97728,0
2,0,-0.032368,0.17076,0.17945,-0.095448,0.020609,-0.058639,0.17448,0.17997,0.10507,0.26896,0.18438,0.32145,0.074585,-0.032368,0,-0.033231,0.11932,0.21431,0.097205,-0.064293,-0.18807,-0.17684,-0.11919,-0.10976,-0.033311,-0.24786,0.086024,0.17076,-0.033231,0,-0.01867,0.041931,0.18339,0.16571,0.067238,-0.064327,0.10311,0.12348,0.25219,0.21698,0.15807,0.17945,0.11932,-0.01867,0,-0.3145,-0.082056,-0.075092,-0.41703,-0.39623,0.01182,-0.28616,-0.18911,-0.36451,-0.17459,-0.095448,0.21431,0.041931,-0.3145,0,0.039282,0.10193,-0.027097,0.076387,-0.18486,0.10228,-0.056335,-0.039087,-0.10199,0.020609,0.097205,0.18339,-0.082056,0.039282,0,0.13576,0.15337,0.10144,0.23921,0.018732,0.072362,0.065139,0.12344,-0.058639,-0.064293,0.16571,-0.075092,0.10193,0.13576,0,0.058642,0.027504,0.098985,0.030035,0.026821,0.054799,-0.05641,0.17448,-0.18807,0.067238,-0.41703,-0.027097,0.15337,0.058642,0,0.7739,0.26659,0.69676,0.48708,0.71293,0.34004,0.17997,-0.17684,-0.064327,-0.39623,0.076387,0.10144,0.027504,0.7739,0,0.11981,0.66752,0.39427,0.6715,0.14074,0.10507,-0.11919,0.10311,0.01182,-0.18486,0.23921,0.098985,0.26659,0.11981,0,0.29456,0.075743,0.28789,0.028453,0.26896,-0.10976,0.12348,-0.28616,0.10228,0.018732,0.030035,0.69676,0.66752,0.29456,0,0.4675,0.81696,0.23096,0.18438,-0.033311,0.25219,-0.18911,-0.056335,0.072362,0.026821,0.48708,0.39427,0.075743,0.4675,0,0.51958,0.47559,0.32145,-0.24786,0.21698,-0.36451,-0.039087,0.065139,0.054799,0.71293,0.6715,0.28789,0.81696,0.51958,0,0.23805,0.074585,0.086024,0.15807,-0.17459,-0.10199,0.12344,-0.05641,0.34004,0.14074,0.028453,0.23096,0.47559,0.23805,0
2,0,0.17333,0.10148,0.32136,0.48146,0.47762,0.17382,0.19435,0.41772,0.30968,0.49277,0.46935,0.38523,0.37161,0.17333,0,0.048418,0.12756,0.32396,0.33226,0.20555,0.014211,0.14309,0.042605,0.11352,0.10778,0.09989,0.066317,0.10148,0.048418,0,0.057431,0.01867,0.029202,0.048625,0.18217,0.20175,0.17938,0.27826,0.075324,0.25538,0.13972,0.32136,0.12756,0.057431,0,0.62144,0.45877,0.029979,0.36386,0.43059,0.42613,0.23535,0.2904,0.27691,0.21674,0.48146,0.32396,0.01867,0.62144,0,0.71467,0.10085,0.22737,0.53682,0.25948,0.28733,0.37072,0.21478,0.24882,0.47762,0.33226,0.029202,0.45877,0.71467,0,0.28784,0.39624,0.69324,0.45584,0.46258,0.39718,0.34522,0.26578,0.17382,0.20555,0.048625,0.029979,0.10085,0.28784,0,0.091784,0.19261,0.14576,0.13948,0.081715,0.081332,0.12648,0.19435,0.014211,0.18217,0.36386,0.22737,0.39624,0.091784,0,0.59056,0.71843,0.37986,0.35495,0.31569,0.29138,0.41772,0.14309,0.20175,0.43059,0.53682,0.69324,0.19261,0.59056,0,0.71635,0.69556,0.46388,0.60313,0.37663,0.30968,0.042605,0.17938,0.42613,0.25948,0.45584,0.14576,0.71843,0.71635,0,0.50296,0.30443,0.48862,0.2829,0.49277,0.11352,0.27826,0.23535,0.28733,0.46258,0.13948,0.37986,0.69556,0.50296,0,0.56673,0.92517,0.40737,0.46935,0.10778,0.075324,0.2904,0.37072,0.39718,0.081715,0.35495,0.46388,0.30443,0.56673,0,0.49941,0.3491,0.38523,0.09989,0.25538,0.27691,0.21478,0.34522,0.081332,0.31569,0.60313,0.48862,0.92517,0.49941,0,0.34788,0.37161,0.066317,0.13972,0.21674,0.24882,0.26578,0.12648,0.29138,0.37663,0.2829,0.40737,0.3491,0.34788,0
0,0,0.65021,0.074225,0.71364,0.43046,0.34971,0.48326,0.40779,-0.057102,0.096261,0.53154,0.57538,0.41411,0.64012,0.65021,0,0.01516,0.63147,0.5855,0.44226,0.43262,0.29301,-0.11127,-0.01102,0.26873,0.38278,0.15197,0.40059,0.074225,0.01516,0,-0.04779,0.06273,-0.0186,0.021917,0.029018,0.033388,-0.014524,-0.0032369,-0.0037844,0.0063273,0.0060785,0.71364,0.63147,-0.04779,0,0.42981,0.38226,0.72261,0.5495,-0.17866,0.099552,0.63714,0.66922,0.3842,0.6162,0.43046,0.5855,0.06273,0.42981,0,0.36143,0.53378,0.29646,-0.25744,0.13693,0.32943,0.39552,0.18476,0.30629,0.34971,0.44226,-0.0186,0.38226,0.36143,0,0.45739,0.53111,0.35763,0.35197,0.4073,0.52267,0.36124,0.36884,0.48326,0.43262,0.021917,0.72261,0.53378,0.45739,0,0.69336,-0.063395,0.35154,0.75941,0.76805,0.51904,0.61551,0.40779,0.29301,0.029018,0.5495,0.29646,0.53111,0.69336,0,0.20306,0.41403,0.66335,0.65843,0.48361,0.5344,-0.057102,-0.11127,0.033388,-0.17866,-0.25744,0.35763,-0.063395,0.20306,0,0.30686,0.054268,0.07934,0.15782,-0.013314,0.096261,-0.01102,-0.014524,0.099552,0.13693,0.35197,0.35154,0.41403,0.30686,0,0.43287,0.33072,0.4989,0.40564,0.53154,0.26873,-0.0032369,0.63714,0.32943,0.4073,0.75941,0.66335,0.054268,0.43287,0,0.87238,0.80058,0.76953,0.57538,0.38278,-0.0037844,0.66922,0.39552,0.52267,0.76805,0.65843,0.07934,0.33072,0.87238,0,0.71068,0.73104,0.41411,0.15197,0.0063273,0.3842,0.18476,0.36124,0.51904,0.48361,0.15782,0.4989,0.80058,0.71068,0,0.72028,0.64012,0.40059,0.0060785,0.6162,0.30629,0.36884,0.61551,0.5344,-0.013314,0.40564,0.76953,0.73104,0.72028,0
2,0,-0.15153,0.16822,-0.12554,0.11606,0.2119,0.26339,0.2761,0.16593,0.099708,0.35478,0.38351,0.22999,-0.017259,-0.15153,0,-0.10366,0.07193,0.093528,0.1648,-0.11302,-0.18156,-0.13537,-0.1555,-0.11876,-0.061356,-0.15032,0.11167,0.16822,-0.10366,0,-0.040989,0.088953,-0.0057524,0.1549,0.19203,0.10692,0.12094,0.1609,0.20117,0.16222,0.048527,-0.12554,0.07193,-0.040989,0,0.04294,-0.20722,0.084071,-0.044418,0.016474,0.034657,-0.096035,0.044469,-0.072133,0.29663,0.11606,0.093528,0.088953,0.04294,0,-0.065635,0.01689,0.02064,0.013077,0.028011,-0.0084992,0.0573,-0.046014,0.063736,0.2119,0.1648,-0.0057524,-0.20722,-0.065635,0,0.23752,0.022494,-0.064121,-0.13351,-0.024854,0.0056762,0.0056352,-0.31426,0.26339,-0.11302,0.1549,0.084071,0.01689,0.23752,0,0.68651,0.58966,0.5587,0.44404,0.48844,0.41267,0.24116,0.2761,-0.18156,0.19203,-0.044418,0.02064,0.022494,0.68651,0,0.75521,0.74226,0.61005,0.58511,0.62696,0.32109,0.16593,-0.13537,0.10692,0.016474,0.013077,-0.064121,0.58966,0.75521,0,0.89477,0.71749,0.63251,0.6996,0.45891,0.099708,-0.1555,0.12094,0.034657,0.028011,-0.13351,0.5587,0.74226,0.89477,0,0.73178,0.66961,0.75511,0.50958,0.35478,-0.11876,0.1609,-0.096035,-0.0084992,-0.024854,0.44404,0.61005,0.71749,0.73178,0,0.70978,0.79373,0.45065,0.38351,-0.061356,0.20117,0.044469,0.0573,0.0056762,0.48844,0.58511,0.63251,0.66961,0.70978,0,0.66732,0.46935,0.22999,-0.15032,0.16222,-0.072133,-0.046014,0.0056352,0.41267,0.62696,0.6996,0.75511,0.79373,0.66732,0,0.51424,-0.017259,0.11167,0.048527,0.29663,0.063736,-0.31426,0.24116,0.32109,0.45891,0.50958,0.45065,0.46935,0.51424,0
0,0,0.14086,0.18606,0.26597,0.18805,0.20772,0.14279,0.1642,0.17018,0.15264,0.13161,0.1666,0.041463,0.15204,0.14086,0,0.84181,0.75501,0.85688,0.83481,0.75257,0.76484,0.65724,0.68592,0.67268,0.59384,0.50908,0.70175,0.18606,0.84181,0,0.74109,0.94913,0.95953,0.89048,0.96142,0.83214,0.92307,0.89455,0.77956,0.75841,0.92971,0.26597,0.75501,0.74109,0,0.73788,0.74555,0.65114,0.69613,0.57843,0.64165,0.65939,0.55835,0.53959,0.63545,0.18805,0.85688,0.94913,0.73788,0,0.971,0.88222,0.94323,0.78994,0.89217,0.84248,0.76314,0.6678,0.85743,0.20772,0.83481,0.95953,0.74555,0.971,0,0.90485,0.96407,0.82039,0.91369,0.86563,0.76552,0.71082,0.87312,0.14279,0.75257,0.89048,0.65114,0.88222,0.90485,0,0.89946,0.77766,0.85665,0.8077,0.72959,0.65176,0.81843,0.1642,0.76484,0.96142,0.69613,0.94323,0.96407,0.89946,0,0.84576,0.96201,0.90869,0.79455,0.78432,0.91981,0.17018,0.65724,0.83214,0.57843,0.78994,0.82039,0.77766,0.84576,0,0.81787,0.79293,0.67429,0.67308,0.78436,0.15264,0.68592,0.92307,0.64165,0.89217,0.91369,0.85665,0.96201,0.81787,0,0.92217,0.81178,0.84394,0.92975,0.13161,0.67268,0.89455,0.65939,0.84248,0.86563,0.8077,0.90869,0.79293,0.92217,0,0.73369,0.87755,0.91323,0.1666,0.59384,0.77956,0.55835,0.76314,0.76552,0.72959,0.79455,0.67429,0.81178,0.73369,0,0.61193,0.80356,0.041463,0.50908,0.75841,0.53959,0.6678,0.71082,0.65176,0.78432,0.67308,0.84394,0.87755,0.61193,0,0.82685,0.15204,0.70175,0.92971,0.63545,0.85743,0.87312,0.81843,0.91981,0.78436,0.92975,0.91323,0.80356,0.82685,0
1,0,-0.092897,0.21114,0.12156,0.097987,-0.0030349,-0.055116,0.057066,0.033391,0.20171,0.21589,0.05743,0.09419,0.12435,-0.092897,0,0.20946,0.4655,0.33466,0.155,0.080577,0.072204,-0.1785,-0.3109,-0.29875,-0.20863,-0.34583,-0.15064,0.21114,0.20946,0,0.46459,0.36787,0.45595,0.50703,0.36803,0.50079,0.32275,0.48338,0.040364,0.44229,0.58276,0.12156,0.4655,0.46459,0,0.55338,0.30292,0.24725,0.23252,-0.010867,-0.13386,-0.06554,-0.05535,-0.20839,0.061607,0.097987,0.33466,0.36787,0.55338,0,0.46906,0.399,0.34382,0.19763,0.046129,0.077579,-0.092019,-0.036311,0.065777,-0.0030349,0.155,0.45595,0.30292,0.46906,0,0.60569,0.37069,0.52145,0.22228,0.39305,0.006062,0.23258,0.21065,-0.055116,0.080577,0.50703,0.24725,0.399,0.60569,0,0.37528,0.67158,0.31435,0.48788,0.064096,0.4045,0.41615,0.057066,0.072204,0.36803,0.23252,0.34382,0.37069,0.37528,0,0.38652,0.028978,0.34218,-0.4469,0.3336,0.29271,0.033391,-0.1785,0.50079,-0.010867,0.19763,0.52145,0.67158,0.38652,0,0.64026,0.71399,0.18521,0.68846,0.547,0.20171,-0.3109,0.32275,-0.13386,0.046129,0.22228,0.31435,0.028978,0.64026,0,0.61393,0.27651,0.55753,0.42277,0.21589,-0.29875,0.48338,-0.06554,0.077579,0.39305,0.48788,0.34218,0.71399,0.61393,0,0.26258,0.83112,0.72504,0.05743,-0.20863,0.040364,-0.05535,-0.092019,0.006062,0.064096,-0.4469,0.18521,0.27651,0.26258,0,0.096062,0.14391,0.09419,-0.34583,0.44229,-0.20839,-0.036311,0.23258,0.4045,0.3336,0.68846,0.55753,0.83112,0.096062,0,0.78056,0.12435,-0.15064,0.58276,0.061607,0.065777,0.21065,0.41615,0.29271,0.547,0.42277,0.72504,0.14391,0.78056,0
1,0,-0.16073,-0.076289,0.016453,-0.0055925,-0.20539,-0.072692,-0.149,-0.17448,0.43023,-0.0044652,0.0068112,-0.073912,0.14539,-0.16073,0,0.85266,0.87618,0.67085,0.86064,0.71649,0.78407,0.55607,0.13723,0.66562,0.69309,0.56928,0.53589,-0.076289,0.85266,0,0.90305,0.67819,0.86518,0.77241,0.91396,0.62819,0.4011,0.84665,0.89484,0.77243,0.78998,0.016453,0.87618,0.90305,0,0.70179,0.86452,0.7347,0.85045,0.60426,0.31012,0.80045,0.81369,0.68782,0.72516,-0.0055925,0.67085,0.67819,0.70179,0,0.80557,0.56989,0.68808,0.6114,0.15483,0.62166,0.63088,0.58598,0.52893,-0.20539,0.86064,0.86518,0.86452,0.80557,0,0.7598,0.88949,0.72563,0.16657,0.8011,0.78923,0.75183,0.65837,-0.072692,0.71649,0.77241,0.7347,0.56989,0.7598,0,0.8202,0.57499,0.37438,0.74591,0.71104,0.71181,0.66257,-0.149,0.78407,0.91396,0.85045,0.68808,0.88949,0.8202,0,0.71315,0.3978,0.90365,0.89548,0.85861,0.82299,-0.17448,0.55607,0.62819,0.60426,0.6114,0.72563,0.57499,0.71315,0,0.012336,0.67107,0.65253,0.67344,0.50953,0.43023,0.13723,0.4011,0.31012,0.15483,0.16657,0.37438,0.3978,0.012336,0,0.46875,0.44137,0.43685,0.60012,-0.0044652,0.66562,0.84665,0.80045,0.62166,0.8011,0.74591,0.90365,0.67107,0.46875,0,0.90772,0.9059,0.87151,0.0068112,0.69309,0.89484,0.81369,0.63088,0.78923,0.71104,0.89548,0.65253,0.44137,0.90772,0,0.85002,0.88406,-0.073912,0.56928,0.77243,0.68782,0.58598,0.75183,0.71181,0.85861,0.67344,0.43685,0.9059,0.85002,0,0.82125,0.14539,0.53589,0.78998,0.72516,0.52893,0.65837,0.66257,0.82299,0.50953,0.60012,0.87151,0.88406,0.82125,0
2,0,0.99089,0.99906,0.9939,0.98108,0.91789,0.99696,0.9939,0.98317,0.94149,0.99394,0.99644,0.99742,0.99277,0.99089,0,0.98941,0.99398,0.97178,0.92208,0.98953,0.99226,0.98653,0.9538,0.99162,0.99314,0.99183,0.98524,0.99906,0.98941,0,0.99296,0.97856,0.9129,0.99605,0.99191,0.97937,0.94417,0.99479,0.99656,0.99728,0.99083,0.9939,0.99398,0.99296,0,0.97093,0.91857,0.99377,0.99534,0.98965,0.94506,0.99576,0.99617,0.9951,0.99134,0.98108,0.97178,0.97856,0.97093,0,0.94241,0.97565,0.97209,0.96089,0.94179,0.97585,0.97586,0.9744,0.97789,0.91789,0.92208,0.9129,0.91857,0.94241,0,0.91566,0.91837,0.91503,0.91097,0.92083,0.9172,0.9152,0.9223,0.99696,0.98953,0.99605,0.99377,0.97565,0.91566,0,0.99777,0.99054,0.92961,0.9898,0.99394,0.99741,0.9935,0.9939,0.99226,0.99191,0.99534,0.97209,0.91837,0.99777,0,0.99636,0.93313,0.98952,0.99345,0.9962,0.99307,0.98317,0.98653,0.97937,0.98965,0.96089,0.91503,0.99054,0.99636,0,0.91812,0.97912,0.98433,0.98781,0.98588,0.94149,0.9538,0.94417,0.94506,0.94179,0.91097,0.92961,0.93313,0.91812,0,0.96065,0.95073,0.93968,0.94036,0.99394,0.99162,0.99479,0.99576,0.97585,0.92083,0.9898,0.98952,0.97912,0.96065,0,0.99732,0.99445,0.9885,0.99644,0.99314,0.99656,0.99617,0.97586,0.9172,0.99394,0.99345,0.98433,0.95073,0.99732,0,0.99701,0.9891,0.99742,0.99183,0.99728,0.9951,0.9744,0.9152,0.99741,0.9962,0.98781,0.93968,0.99445,0.99701,0,0.9909,0.99277,0.98524,0.99083,0.99134,0.97789,0.9223,0.9935,0.99307,0.98588,0.94036,0.9885,0.9891,0.9909,0
2,0,0.23638,0.057747,0.055028,0.2708,0.26255,0.44913,0.29794,0.41452,0.26432,0.26425,0.38442,0.25177,0.49979,0.23638,0,0.26801,0.04227,0.39149,0.28029,0.20627,0.091779,-0.064059,0.045286,-0.045744,0.060268,-0.23096,0.04402,0.057747,0.26801,0,0.07155,0.29036,0.51658,0.55817,0.50972,0.14101,0.30392,0.24316,0.42546,0.3588,0.29707,0.055028,0.04227,0.07155,0,-0.046999,0.0080477,0.036932,0.052104,0.13884,-0.068623,0.040515,-0.032689,-0.053747,0.043099,0.2708,0.39149,0.29036,-0.046999,0,0.40959,0.35343,0.36332,0.11956,0.66606,0.31565,0.49967,0.30946,0.23696,0.26255,0.28029,0.51658,0.0080477,0.40959,0,0.72531,0.64122,0.22819,0.44605,0.46319,0.60796,0.48517,0.27507,0.44913,0.20627,0.55817,0.036932,0.35343,0.72531,0,0.65534,0.40756,0.47692,0.52149,0.67767,0.59494,0.44677,0.29794,0.091779,0.50972,0.052104,0.36332,0.64122,0.65534,0,0.43296,0.4558,0.42124,0.55826,0.54883,0.32655,0.41452,-0.064059,0.14101,0.13884,0.11956,0.22819,0.40756,0.43296,0,0.19286,0.20744,0.31671,0.31711,0.23183,0.26432,0.045286,0.30392,-0.068623,0.66606,0.44605,0.47692,0.4558,0.19286,0,0.46959,0.61839,0.59872,0.34155,0.26425,-0.045744,0.24316,0.040515,0.31565,0.46319,0.52149,0.42124,0.20744,0.46959,0,0.5938,0.60824,0.35593,0.38442,0.060268,0.42546,-0.032689,0.49967,0.60796,0.67767,0.55826,0.31671,0.61839,0.5938,0,0.74591,0.5578,0.25177,-0.23096,0.3588,-0.053747,0.30946,0.48517,0.59494,0.54883,0.31711,0.59872,0.60824,0.74591,0,0.48717,0.49979,0.04402,0.29707,0.043099,0.23696,0.27507,0.44677,0.32655,0.23183,0.34155,0.35593,0.5578,0.48717,0
1,0,0.092417,0.10375,0.16754,0.014546,0.022054,0.18104,0.11013,-0.026666,0.15939,-0.28376,0.1089,0.19629,-0.0017395,0.092417,0,-0.0019311,0.082245,0.14562,0.11876,-0.068109,0.021733,-0.038491,-0.031767,0.038478,-0.022661,-0.038681,-0.035985,0.10375,-0.0019311,0,-0.02178,0.035949,0.080426,0.10189,0.099614,0.098951,0.12993,0.013447,0.096628,0.1162,-0.093436,0.16754,0.082245,-0.02178,0,0.32666,0.014481,0.24175,0.1505,-0.019065,0.2352,0.028315,0.054895,-0.134,0.091401,0.014546,0.14562,0.035949,0.32666,0,0.12046,0.31508,0.16089,0.13426,0.39596,-0.05147,0.00088742,-0.18409,0.057094,0.022054,0.11876,0.080426,0.014481,0.12046,0,0.38919,0.33014,0.43684,0.27075,-0.015846,0.088335,0.19726,-0.036885,0.18104,-0.068109,0.10189,0.24175,0.31508,0.38919,0,0.57776,0.4958,0.50755,-0.037258,0.25477,0.24866,0.093758,0.11013,0.021733,0.099614,0.1505,0.16089,0.33014,0.57776,0,0.61493,0.38904,-0.064879,0.34304,0.41785,0.19613,-0.026666,-0.038491,0.098951,-0.019065,0.13426,0.43684,0.4958,0.61493,0,0.55297,0.2107,0.38869,0.51888,0.14272,0.15939,-0.031767,0.12993,0.2352,0.39596,0.27075,0.50755,0.38904,0.55297,0,0.11563,0.14945,0.27878,0.062888,-0.28376,0.038478,0.013447,0.028315,-0.05147,-0.015846,-0.037258,-0.064879,0.2107,0.11563,0,0.15388,0.17261,0.12441,0.1089,-0.022661,0.096628,0.054895,0.00088742,0.088335,0.25477,0.34304,0.38869,0.14945,0.15388,0,0.39018,0.24871,0.19629,-0.038681,0.1162,-0.134,-0.18409,0.19726,0.24866,0.41785,0.51888,0.27878,0.17261,0.39018,0,0.11781,-0.0017395,-0.035985,-0.093436,0.091401,0.057094,-0.036885,0.093758,0.19613,0.14272,0.062888,0.12441,0.24871,0.11781,0
2,0,0.20798,0.37075,0.5401,0.19465,0.3401,0.15453,0.25416,0.26636,0.26083,0.4851,0.35605,0.39424,0.10068,0.20798,0,0.38533,0.39882,-0.013957,0.23261,0.022399,0.2441,0.16274,-0.042734,0.29449,0.20222,0.22822,0.010684,0.37075,0.38533,0,0.58205,0.1063,0.38058,0.060728,0.43608,0.33726,0.18076,0.54215,0.30278,0.4448,0.065181,0.5401,0.39882,0.58205,0,0.23728,0.55175,0.22812,0.4854,0.48882,0.17623,0.59862,0.34208,0.51795,0.061229,0.19465,-0.013957,0.1063,0.23728,0,0.39314,0.12455,0.058599,0.29654,0.74925,0.085456,0.046713,0.1361,0.18859,0.3401,0.23261,0.38058,0.55175,0.39314,0,0.40882,0.64441,0.699,0.33685,0.4526,0.28041,0.36845,-0.0107,0.15453,0.022399,0.060728,0.22812,0.12455,0.40882,0,0.19725,0.36836,0.12934,0.14766,0.18725,0.14553,-0.055663,0.25416,0.2441,0.43608,0.4854,0.058599,0.64441,0.19725,0,0.63989,0.15637,0.57859,0.27394,0.45793,0.04383,0.26636,0.16274,0.33726,0.48882,0.29654,0.699,0.36836,0.63989,0,0.3545,0.4631,0.20369,0.52249,-0.011498,0.26083,-0.042734,0.18076,0.17623,0.74925,0.33685,0.12934,0.15637,0.3545,0,0.25768,0.098185,0.33286,0.17439,0.4851,0.29449,0.54215,0.59862,0.085456,0.4526,0.14766,0.57859,0.4631,0.25768,0,0.45521,0.72846,0.14346,0.35605,0.20222,0.30278,0.34208,0.046713,0.28041,0.18725,0.27394,0.20369,0.098185,0.45521,0,0.27841,-0.26632,0.39424,0.22822,0.4448,0.51795,0.1361,0.36845,0.14553,0.45793,0.52249,0.33286,0.72846,0.27841,0,0.14555,0.10068,0.010684,0.065181,0.061229,0.18859,-0.0107,-0.055663,0.04383,-0.011498,0.17439,0.14346,-0.26632,0.14555,0
1,0,0.24674,0.54858,0.31899,0.017938,0.17781,0.26802,0.098072,0.19137,0.20959,0.21728,0.11044,0.24571,0.55084,0.24674,0,0.21889,0.22518,0.28133,0.069705,0.017409,-0.031118,-0.021635,-0.0011637,0.018385,0.043764,-0.046758,0.1031,0.54858,0.21889,0,0.45309,0.2034,0.51089,0.49791,0.32258,0.39947,0.39807,0.38077,0.29919,0.42847,0.68944,0.31899,0.22518,0.45309,0,0.23313,0.17833,0.1891,0.08173,0.060577,0.044776,0.26642,0.22548,0.018035,0.25751,0.017938,0.28133,0.2034,0.23313,0,0.3869,0.34373,0.40846,0.3482,0.33679,0.10134,-0.0029965,0.047112,-0.03953,0.17781,0.069705,0.51089,0.17833,0.3869,0,0.83743,0.64631,0.6982,0.54941,0.19301,0.14945,0.33481,0.23575,0.26802,0.017409,0.49791,0.1891,0.34373,0.83743,0,0.67012,0.75768,0.65408,0.27945,0.13535,0.39963,0.29095,0.098072,-0.031118,0.32258,0.08173,0.40846,0.64631,0.67012,0,0.71149,0.64799,0.25736,0.13324,0.48305,0.25938,0.19137,-0.021635,0.39947,0.060577,0.3482,0.6982,0.75768,0.71149,0,0.83792,0.40105,0.21776,0.59297,0.36195,0.20959,-0.0011637,0.39807,0.044776,0.33679,0.54941,0.65408,0.64799,0.83792,0,0.46409,0.21446,0.67149,0.39064,0.21728,0.018385,0.38077,0.26642,0.10134,0.19301,0.27945,0.25736,0.40105,0.46409,0,0.15863,0.4661,0.4192,0.11044,0.043764,0.29919,0.22548,-0.0029965,0.14945,0.13535,0.13324,0.21776,0.21446,0.15863,0,0.25014,0.32442,0.24571,-0.046758,0.42847,0.018035,0.047112,0.33481,0.39963,0.48305,0.59297,0.67149,0.4661,0.25014,0,0.74929,0.55084,0.1031,0.68944,0.25751,-0.03953,0.23575,0.29095,0.25938,0.36195,0.39064,0.4192,0.32442,0.74929,0
